"Record Length",1000,"Points",-7.72500000e-009,0.00000000e+000
"Sample Interval",2.50000000e-011,s,-7.70000000e-009,-9.37500066e-006
"Trigger Point",309,"Samples",-7.67500000e-009,-2.03125014e-005
"Trigger Time",1.28020513e-011,s,-7.65000000e-009,-2.96875021e-005
"",,,-7.62500000e-009,-3.51562525e-005
"Horizontal Offset",-7.72500000e-009,s,-7.60000000e-009,-3.67187526e-005
,,,-7.57500000e-009,-3.20312523e-005
,,,-7.55000000e-009,-1.95312514e-005
,,,-7.52500000e-009,0.00000000e+000
,,,-7.50000000e-009,2.65625019e-005
,,,-7.47500000e-009,5.85937541e-005
,,,-7.45000000e-009,9.29687566e-005
,,,-7.42500000e-009,1.26562509e-004
,,,-7.40000000e-009,1.57031261e-004
,,,-7.37500000e-009,1.80468763e-004
,,,-7.35000000e-009,1.95312514e-004
,,,-7.32500000e-009,2.00000014e-004
,,,-7.30000000e-009,1.92187514e-004
,,,-7.27500000e-009,1.75000012e-004
,,,-7.25000000e-009,1.50000011e-004
,,,-7.22500000e-009,1.19531258e-004
,,,-7.20000000e-009,8.59375061e-005
,,,-7.17500000e-009,5.31250038e-005
,,,-7.15000000e-009,2.34375017e-005
,,,-7.12500000e-009,0.00000000e+000
,,,-7.10000000e-009,-1.56250011e-005
,,,-7.07500000e-009,-2.42187517e-005
,,,-7.05000000e-009,-2.65625019e-005
,,,-7.02500000e-009,-2.34375017e-005
,,,-7.00000000e-009,-1.71875012e-005
,,,-6.97500000e-009,-1.01562507e-005
,,,-6.95000000e-009,-3.90625028e-006
,,,-6.92500000e-009,0.00000000e+000
,,,-6.90000000e-009,0.00000000e+000
,,,-6.87500000e-009,-7.81250055e-007
,,,-6.85000000e-009,-5.46875039e-006
,,,-6.82500000e-009,-1.09375008e-005
,,,-6.80000000e-009,-1.40625010e-005
,,,-6.77500000e-009,-1.48437511e-005
,,,-6.75000000e-009,-1.01562507e-005
,,,-6.72500000e-009,0.00000000e+000
,,,-6.70000000e-009,1.71875012e-005
,,,-6.67500000e-009,4.14062529e-005
,,,-6.65000000e-009,6.95312549e-005
,,,-6.62500000e-009,1.00000007e-004
,,,-6.60000000e-009,1.29687509e-004
,,,-6.57500000e-009,1.57812511e-004
,,,-6.55000000e-009,1.82031263e-004
,,,-6.52500000e-009,2.00000014e-004
,,,-6.50000000e-009,2.10937515e-004
,,,-6.47500000e-009,2.16406265e-004
,,,-6.45000000e-009,2.17187515e-004
,,,-6.42500000e-009,2.14062515e-004
,,,-6.40000000e-009,2.09375015e-004
,,,-6.37500000e-009,2.03906264e-004
,,,-6.35000000e-009,2.00781264e-004
,,,-6.32500000e-009,2.00000014e-004
,,,-6.30000000e-009,2.01562514e-004
,,,-6.27500000e-009,2.05468765e-004
,,,-6.25000000e-009,2.10937515e-004
,,,-6.22500000e-009,2.15625015e-004
,,,-6.20000000e-009,2.18750015e-004
,,,-6.17500000e-009,2.17968765e-004
,,,-6.15000000e-009,2.11718765e-004
,,,-6.12500000e-009,2.00000014e-004
,,,-6.10000000e-009,1.78906263e-004
,,,-6.07500000e-009,1.53906261e-004
,,,-6.05000000e-009,1.24218759e-004
,,,-6.02500000e-009,9.29687566e-005
,,,-6.00000000e-009,6.25000044e-005
,,,-5.97500000e-009,3.51562525e-005
,,,-5.95000000e-009,1.32812509e-005
,,,-5.92500000e-009,0.00000000e+000
,,,-5.90000000e-009,-3.12500022e-006
,,,-5.87500000e-009,2.34375017e-006
,,,-5.85000000e-009,1.87500013e-005
,,,-5.82500000e-009,4.37500031e-005
,,,-5.80000000e-009,7.65625054e-005
,,,-5.77500000e-009,1.14843758e-004
,,,-5.75000000e-009,1.56250011e-004
,,,-5.72500000e-009,2.00000014e-004
,,,-5.70000000e-009,2.39843767e-004
,,,-5.67500000e-009,2.77343770e-004
,,,-5.65000000e-009,3.10937522e-004
,,,-5.62500000e-009,3.39843774e-004
,,,-5.60000000e-009,3.63281276e-004
,,,-5.57500000e-009,3.81250027e-004
,,,-5.55000000e-009,3.93750028e-004
,,,-5.52500000e-009,4.00000028e-004
,,,-5.50000000e-009,3.98437528e-004
,,,-5.47500000e-009,3.90625028e-004
,,,-5.45000000e-009,3.75781277e-004
,,,-5.42500000e-009,3.53906275e-004
,,,-5.40000000e-009,3.25000023e-004
,,,-5.37500000e-009,2.89062520e-004
,,,-5.35000000e-009,2.46875017e-004
,,,-5.32500000e-009,2.00000014e-004
,,,-5.30000000e-009,1.51562511e-004
,,,-5.27500000e-009,1.04687507e-004
,,,-5.25000000e-009,6.25000044e-005
,,,-5.22500000e-009,2.73437519e-005
,,,-5.20000000e-009,1.56250011e-006
,,,-5.17500000e-009,-1.09375008e-005
,,,-5.15000000e-009,-1.17187508e-005
,,,-5.12500000e-009,0.00000000e+000
,,,-5.10000000e-009,2.65625019e-005
,,,-5.07500000e-009,6.25000044e-005
,,,-5.05000000e-009,1.01562507e-004
,,,-5.02500000e-009,1.39843760e-004
,,,-5.00000000e-009,1.72656262e-004
,,,-4.97500000e-009,1.95312514e-004
,,,-4.95000000e-009,2.04687514e-004
,,,-4.92500000e-009,2.00000014e-004
,,,-4.90000000e-009,1.81250013e-004
,,,-4.87500000e-009,1.51562511e-004
,,,-4.85000000e-009,1.14843758e-004
,,,-4.82500000e-009,7.57812554e-005
,,,-4.80000000e-009,3.98437528e-005
,,,-4.77500000e-009,1.25000009e-005
,,,-4.75000000e-009,-1.56250011e-006
,,,-4.72500000e-009,0.00000000e+000
,,,-4.70000000e-009,2.26562516e-005
,,,-4.67500000e-009,6.17187544e-005
,,,-4.65000000e-009,1.14062508e-004
,,,-4.62500000e-009,1.75000012e-004
,,,-4.60000000e-009,2.39062517e-004
,,,-4.57500000e-009,3.01562521e-004
,,,-4.55000000e-009,3.56250025e-004
,,,-4.52500000e-009,4.00000028e-004
,,,-4.50000000e-009,4.27343780e-004
,,,-4.47500000e-009,4.40625031e-004
,,,-4.45000000e-009,4.41406281e-004
,,,-4.42500000e-009,4.32812531e-004
,,,-4.40000000e-009,4.20312530e-004
,,,-4.37500000e-009,4.07812529e-004
,,,-4.35000000e-009,4.00000028e-004
,,,-4.32500000e-009,4.00000028e-004
,,,-4.30000000e-009,4.08593779e-004
,,,-4.27500000e-009,4.27343780e-004
,,,-4.25000000e-009,4.54687532e-004
,,,-4.22500000e-009,4.87500035e-004
,,,-4.20000000e-009,5.21875037e-004
,,,-4.17500000e-009,5.53906289e-004
,,,-4.15000000e-009,5.80468791e-004
,,,-4.12500000e-009,6.00000042e-004
,,,-4.10000000e-009,6.05468793e-004
,,,-4.07500000e-009,6.03125043e-004
,,,-4.05000000e-009,5.96093792e-004
,,,-4.02500000e-009,5.87500042e-004
,,,-4.00000000e-009,5.80468791e-004
,,,-3.97500000e-009,5.78906291e-004
,,,-3.95000000e-009,5.85156291e-004
,,,-3.92500000e-009,6.00000042e-004
,,,-3.90000000e-009,6.17968794e-004
,,,-3.87500000e-009,6.40625045e-004
,,,-3.85000000e-009,6.63281297e-004
,,,-3.82500000e-009,6.80468798e-004
,,,-3.80000000e-009,6.87500049e-004
,,,-3.77500000e-009,6.78125048e-004
,,,-3.75000000e-009,6.49218796e-004
,,,-3.72500000e-009,6.00000042e-004
,,,-3.70000000e-009,5.25000037e-004
,,,-3.67500000e-009,4.35937531e-004
,,,-3.65000000e-009,3.38281274e-004
,,,-3.62500000e-009,2.40625017e-004
,,,-3.60000000e-009,1.50781261e-004
,,,-3.57500000e-009,7.65625054e-005
,,,-3.55000000e-009,2.50000018e-005
,,,-3.52500000e-009,0.00000000e+000
,,,-3.50000000e-009,4.68750033e-006
,,,-3.47500000e-009,3.51562525e-005
,,,-3.45000000e-009,8.67187561e-005
,,,-3.42500000e-009,1.53125011e-004
,,,-3.40000000e-009,2.25000016e-004
,,,-3.37500000e-009,2.94531271e-004
,,,-3.35000000e-009,3.55468775e-004
,,,-3.32500000e-009,4.00000028e-004
,,,-3.30000000e-009,4.21875030e-004
,,,-3.27500000e-009,4.23437530e-004
,,,-3.25000000e-009,4.04687529e-004
,,,-3.22500000e-009,3.71093776e-004
,,,-3.20000000e-009,3.28125023e-004
,,,-3.17500000e-009,2.81250020e-004
,,,-3.15000000e-009,2.36718767e-004
,,,-3.12500000e-009,2.00000014e-004
,,,-3.10000000e-009,1.74218762e-004
,,,-3.07500000e-009,1.60156261e-004
,,,-3.05000000e-009,1.57031261e-004
,,,-3.02500000e-009,1.62500012e-004
,,,-3.00000000e-009,1.73437512e-004
,,,-2.97500000e-009,1.85937513e-004
,,,-2.95000000e-009,1.96093764e-004
,,,-2.92500000e-009,2.00000014e-004
,,,-2.90000000e-009,1.96093764e-004
,,,-2.87500000e-009,1.82031263e-004
,,,-2.85000000e-009,1.60156261e-004
,,,-2.82500000e-009,1.30468759e-004
,,,-2.80000000e-009,9.60937568e-005
,,,-2.77500000e-009,6.09375043e-005
,,,-2.75000000e-009,2.81250020e-005
,,,-2.72500000e-009,0.00000000e+000
,,,-2.70000000e-009,-1.87500013e-005
,,,-2.67500000e-009,-3.04687522e-005
,,,-2.65000000e-009,-3.59375025e-005
,,,-2.62500000e-009,-3.43750024e-005
,,,-2.60000000e-009,-2.89062520e-005
,,,-2.57500000e-009,-1.95312514e-005
,,,-2.55000000e-009,-9.37500066e-006
,,,-2.52500000e-009,0.00000000e+000
,,,-2.50000000e-009,7.81250055e-006
,,,-2.47500000e-009,1.32812509e-005
,,,-2.45000000e-009,1.56250011e-005
,,,-2.42500000e-009,1.48437511e-005
,,,-2.40000000e-009,1.25000009e-005
,,,-2.37500000e-009,8.59375061e-006
,,,-2.35000000e-009,3.90625028e-006
,,,-2.32500000e-009,0.00000000e+000
,,,-2.30000000e-009,-1.56250011e-006
,,,-2.27500000e-009,-3.12500022e-006
,,,-2.25000000e-009,-3.90625028e-006
,,,-2.22500000e-009,-3.90625028e-006
,,,-2.20000000e-009,-3.12500022e-006
,,,-2.17500000e-009,-2.34375017e-006
,,,-2.15000000e-009,-7.81250055e-007
,,,-2.12500000e-009,0.00000000e+000
,,,-2.10000000e-009,7.81250055e-007
,,,-2.07500000e-009,7.81250055e-007
,,,-2.05000000e-009,0.00000000e+000
,,,-2.02500000e-009,0.00000000e+000
,,,-2.00000000e-009,0.00000000e+000
,,,-1.97500000e-009,-7.81250055e-007
,,,-1.95000000e-009,-7.81250055e-007
,,,-1.92500000e-009,0.00000000e+000
,,,-1.90000000e-009,7.81250055e-007
,,,-1.87500000e-009,2.34375017e-006
,,,-1.85000000e-009,3.12500022e-006
,,,-1.82500000e-009,3.90625028e-006
,,,-1.80000000e-009,3.90625028e-006
,,,-1.77500000e-009,3.12500022e-006
,,,-1.75000000e-009,1.56250011e-006
,,,-1.72500000e-009,0.00000000e+000
,,,-1.70000000e-009,-6.25000044e-006
,,,-1.67500000e-009,-1.25000009e-005
,,,-1.65000000e-009,-1.79687513e-005
,,,-1.62500000e-009,-2.18750015e-005
,,,-1.60000000e-009,-2.26562516e-005
,,,-1.57500000e-009,-1.87500013e-005
,,,-1.55000000e-009,-1.09375008e-005
,,,-1.52500000e-009,0.00000000e+000
,,,-1.50000000e-009,7.03125050e-006
,,,-1.47500000e-009,1.48437511e-005
,,,-1.45000000e-009,2.18750015e-005
,,,-1.42500000e-009,2.57812518e-005
,,,-1.40000000e-009,2.65625019e-005
,,,-1.37500000e-009,2.34375017e-005
,,,-1.35000000e-009,1.40625010e-005
,,,-1.32500000e-009,0.00000000e+000
,,,-1.30000000e-009,-3.28125023e-005
,,,-1.27500000e-009,-7.03125050e-005
,,,-1.25000000e-009,-1.10156258e-004
,,,-1.22500000e-009,-1.46875010e-004
,,,-1.20000000e-009,-1.76562512e-004
,,,-1.17500000e-009,-1.96875014e-004
,,,-1.15000000e-009,-2.04687514e-004
,,,-1.12500000e-009,-2.00000014e-004
,,,-1.10000000e-009,-2.02343764e-004
,,,-1.07500000e-009,-2.00000014e-004
,,,-1.05000000e-009,-1.92968764e-004
,,,-1.02500000e-009,-1.85156263e-004
,,,-1.00000000e-009,-1.78906263e-004
,,,-9.75000000e-010,-1.77343763e-004
,,,-9.50000000e-010,-1.83593763e-004
,,,-9.25000000e-010,-2.00000014e-004
,,,-9.00000000e-010,-2.51562518e-004
,,,-8.75000000e-010,-3.18750023e-004
,,,-8.50000000e-010,-3.97656278e-004
,,,-8.25000000e-010,-4.83593784e-004
,,,-8.00000000e-010,-5.70312540e-004
,,,-7.75000000e-010,-6.54687546e-004
,,,-7.50000000e-010,-7.32031302e-004
,,,-7.25000000e-010,-8.00000057e-004
,,,-7.00000000e-010,-8.78125062e-004
,,,-6.75000000e-010,-9.52343817e-004
,,,-6.50000000e-010,-1.02265632e-003
,,,-6.25000000e-010,-1.08984383e-003
,,,-6.00000000e-010,-1.15859383e-003
,,,-5.75000000e-010,-1.23046884e-003
,,,-5.50000000e-010,-1.30937509e-003
,,,-5.25000000e-010,-1.40000010e-003
,,,-5.00000000e-010,-1.51718761e-003
,,,-4.75000000e-010,-1.65468762e-003
,,,-4.50000000e-010,-1.81171888e-003
,,,-4.25000000e-010,-1.98593764e-003
,,,-4.00000000e-010,-2.17500015e-003
,,,-3.75000000e-010,-2.37578142e-003
,,,-3.50000000e-010,-2.58515643e-003
,,,-3.25000000e-010,-2.80000020e-003
,,,-3.00000000e-010,-3.01015646e-003
,,,-2.75000000e-010,-3.22109398e-003
,,,-2.50000000e-010,-3.43046899e-003
,,,-2.25000000e-010,-3.63593776e-003
,,,-2.00000000e-010,-3.83750027e-003
,,,-1.75000000e-010,-4.03281279e-003
,,,-1.50000000e-010,-4.22031280e-003
,,,-1.25000000e-010,-4.40000031e-003
,,,-1.00000000e-010,-4.54609407e-003
,,,-7.50000000e-011,-4.68593783e-003
,,,-5.00000000e-011,-4.81796909e-003
,,,-2.50000000e-011,-4.94531285e-003
,,,0.00000000e+000,-5.06718786e-003
,,,2.50000000e-011,-5.18437537e-003
,,,5.00000000e-011,-5.29531287e-003
,,,7.50000000e-011,-5.40000038e-003
,,,1.00000000e-010,-5.45937539e-003
,,,1.25000000e-010,-5.51484414e-003
,,,1.50000000e-010,-5.56718789e-003
,,,1.75000000e-010,-5.61875040e-003
,,,2.00000000e-010,-5.66875040e-003
,,,2.25000000e-010,-5.71640665e-003
,,,2.50000000e-010,-5.76171916e-003
,,,2.75000000e-010,-5.80000041e-003
,,,3.00000000e-010,-5.78906291e-003
,,,3.25000000e-010,-5.76875041e-003
,,,3.50000000e-010,-5.73984416e-003
,,,3.75000000e-010,-5.69921915e-003
,,,4.00000000e-010,-5.64609415e-003
,,,4.25000000e-010,-5.57968789e-003
,,,4.50000000e-010,-5.49765664e-003
,,,4.75000000e-010,-5.40000038e-003
,,,5.00000000e-010,-5.25078162e-003
,,,5.25000000e-010,-5.09218786e-003
,,,5.50000000e-010,-4.92890660e-003
,,,5.75000000e-010,-4.76718784e-003
,,,6.00000000e-010,-4.61093783e-003
,,,6.25000000e-010,-4.46250032e-003
,,,6.50000000e-010,-4.32578156e-003
,,,6.75000000e-010,-4.20000030e-003
,,,7.00000000e-010,-4.06328154e-003
,,,7.25000000e-010,-3.93671903e-003
,,,7.50000000e-010,-3.81640652e-003
,,,7.75000000e-010,-3.70078151e-003
,,,8.00000000e-010,-3.58437525e-003
,,,8.25000000e-010,-3.46406275e-003
,,,8.50000000e-010,-3.33671899e-003
,,,8.75000000e-010,-3.20000023e-003
,,,9.00000000e-010,-3.04531272e-003
,,,9.25000000e-010,-2.88203145e-003
,,,9.50000000e-010,-2.71406269e-003
,,,9.75000000e-010,-2.54609393e-003
,,,1.00000000e-009,-2.38515642e-003
,,,1.02500000e-009,-2.23750016e-003
,,,1.05000000e-009,-2.10781265e-003
,,,1.07500000e-009,-2.00000014e-003
,,,1.10000000e-009,-1.91875014e-003
,,,1.12500000e-009,-1.85468763e-003
,,,1.15000000e-009,-1.80390638e-003
,,,1.17500000e-009,-1.76250012e-003
,,,1.20000000e-009,-1.72578137e-003
,,,1.22500000e-009,-1.68906262e-003
,,,1.25000000e-009,-1.64765637e-003
,,,1.27500000e-009,-1.60000011e-003
,,,1.30000000e-009,-1.55234386e-003
,,,1.32500000e-009,-1.49062511e-003
,,,1.35000000e-009,-1.41562510e-003
,,,1.37500000e-009,-1.33046884e-003
,,,1.40000000e-009,-1.24140634e-003
,,,1.42500000e-009,-1.15234383e-003
,,,1.45000000e-009,-1.07109383e-003
,,,1.47500000e-009,-1.00000007e-003
,,,1.50000000e-009,-9.56250068e-004
,,,1.52500000e-009,-9.21875065e-004
,,,1.55000000e-009,-8.96093813e-004
,,,1.57500000e-009,-8.75000062e-004
,,,1.60000000e-009,-8.57812561e-004
,,,1.62500000e-009,-8.40625059e-004
,,,1.65000000e-009,-8.22656308e-004
,,,1.67500000e-009,-8.00000057e-004
,,,1.70000000e-009,-7.82812555e-004
,,,1.72500000e-009,-7.54687553e-004
,,,1.75000000e-009,-7.14062551e-004
,,,1.77500000e-009,-6.63281297e-004
,,,1.80000000e-009,-6.02343793e-004
,,,1.82500000e-009,-5.35937538e-004
,,,1.85000000e-009,-4.67187533e-004
,,,1.87500000e-009,-4.00000028e-004
,,,1.90000000e-009,-3.49218775e-004
,,,1.92500000e-009,-3.03906272e-004
,,,1.95000000e-009,-2.64843769e-004
,,,1.97500000e-009,-2.33593767e-004
,,,2.00000000e-009,-2.10937515e-004
,,,2.02500000e-009,-1.97656264e-004
,,,2.05000000e-009,-1.93750014e-004
,,,2.07500000e-009,-2.00000014e-004
,,,2.10000000e-009,-2.24218766e-004
,,,2.12500000e-009,-2.53906268e-004
,,,2.15000000e-009,-2.85937520e-004
,,,2.17500000e-009,-3.17187522e-004
,,,2.20000000e-009,-3.45312524e-004
,,,2.22500000e-009,-3.69531276e-004
,,,2.25000000e-009,-3.87500027e-004
,,,2.27500000e-009,-4.00000028e-004
,,,2.30000000e-009,-4.12500029e-004
,,,2.32500000e-009,-4.18750030e-004
,,,2.35000000e-009,-4.18750030e-004
,,,2.37500000e-009,-4.14062529e-004
,,,2.40000000e-009,-4.07812529e-004
,,,2.42500000e-009,-4.02343778e-004
,,,2.45000000e-009,-3.98437528e-004
,,,2.47500000e-009,-4.00000028e-004
,,,2.50000000e-009,-4.11718779e-004
,,,2.52500000e-009,-4.28906280e-004
,,,2.55000000e-009,-4.51562532e-004
,,,2.57500000e-009,-4.78125034e-004
,,,2.60000000e-009,-5.07812536e-004
,,,2.62500000e-009,-5.39062538e-004
,,,2.65000000e-009,-5.69531290e-004
,,,2.67500000e-009,-6.00000042e-004
,,,2.70000000e-009,-6.28906295e-004
,,,2.72500000e-009,-6.56250046e-004
,,,2.75000000e-009,-6.80468798e-004
,,,2.77500000e-009,-7.03906300e-004
,,,2.80000000e-009,-7.26562551e-004
,,,2.82500000e-009,-7.49218803e-004
,,,2.85000000e-009,-7.73437555e-004
,,,2.87500000e-009,-8.00000057e-004
,,,2.90000000e-009,-8.23437558e-004
,,,2.92500000e-009,-8.48437560e-004
,,,2.95000000e-009,-8.75000062e-004
,,,2.97500000e-009,-9.02343814e-004
,,,3.00000000e-009,-9.28906316e-004
,,,3.02500000e-009,-9.55468818e-004
,,,3.05000000e-009,-9.78906319e-004
,,,3.07500000e-009,-1.00000007e-003
,,,3.10000000e-009,-1.00859382e-003
,,,3.12500000e-009,-1.01328132e-003
,,,3.15000000e-009,-1.01406257e-003
,,,3.17500000e-009,-1.01328132e-003
,,,3.20000000e-009,-1.01015632e-003
,,,3.22500000e-009,-1.00625007e-003
,,,3.25000000e-009,-1.00234382e-003
,,,3.27500000e-009,-1.00000007e-003
,,,3.30000000e-009,-9.91406320e-004
,,,3.32500000e-009,-9.85156320e-004
,,,3.35000000e-009,-9.81250069e-004
,,,3.37500000e-009,-9.80468819e-004
,,,3.40000000e-009,-9.82812570e-004
,,,3.42500000e-009,-9.87500070e-004
,,,3.45000000e-009,-9.93750070e-004
,,,3.47500000e-009,-1.00000007e-003
,,,3.50000000e-009,-9.96875071e-004
,,,3.52500000e-009,-9.89843820e-004
,,,3.55000000e-009,-9.78125069e-004
,,,3.57500000e-009,-9.60156318e-004
,,,3.60000000e-009,-9.33593816e-004
,,,3.62500000e-009,-8.98437564e-004
,,,3.65000000e-009,-8.53906310e-004
,,,3.67500000e-009,-8.00000057e-004
,,,3.70000000e-009,-7.32031302e-004
,,,3.72500000e-009,-6.57031297e-004
,,,3.75000000e-009,-5.78125041e-004
,,,3.77500000e-009,-4.96093785e-004
,,,3.80000000e-009,-4.14843779e-004
,,,3.82500000e-009,-3.36718774e-004
,,,3.85000000e-009,-2.64843769e-004
,,,3.87500000e-009,-2.00000014e-004
,,,3.90000000e-009,-1.46093760e-004
,,,3.92500000e-009,-1.03125007e-004
,,,3.95000000e-009,-6.87500049e-005
,,,3.97500000e-009,-4.37500031e-005
,,,4.00000000e-009,-2.50000018e-005
,,,4.02500000e-009,-1.25000009e-005
,,,4.05000000e-009,-4.68750033e-006
,,,4.07500000e-009,0.00000000e+000
,,,4.10000000e-009,0.00000000e+000
,,,4.12500000e-009,-7.81250055e-007
,,,4.15000000e-009,-7.81250055e-007
,,,4.17500000e-009,0.00000000e+000
,,,4.20000000e-009,0.00000000e+000
,,,4.22500000e-009,7.81250055e-007
,,,4.25000000e-009,7.81250055e-007
,,,4.27500000e-009,0.00000000e+000
,,,4.30000000e-009,-6.25000044e-006
,,,4.32500000e-009,-1.17187508e-005
,,,4.35000000e-009,-1.64062512e-005
,,,4.37500000e-009,-1.87500013e-005
,,,4.40000000e-009,-1.79687513e-005
,,,4.42500000e-009,-1.48437511e-005
,,,4.45000000e-009,-8.59375061e-006
,,,4.47500000e-009,0.00000000e+000
,,,4.50000000e-009,5.46875039e-006
,,,4.52500000e-009,1.32812509e-005
,,,4.55000000e-009,2.03125014e-005
,,,4.57500000e-009,2.65625019e-005
,,,4.60000000e-009,2.81250020e-005
,,,4.62500000e-009,2.50000018e-005
,,,4.65000000e-009,1.56250011e-005
,,,4.67500000e-009,0.00000000e+000
,,,4.70000000e-009,-2.65625019e-005
,,,4.72500000e-009,-5.70312540e-005
,,,4.75000000e-009,-8.98437564e-005
,,,4.77500000e-009,-1.22656259e-004
,,,4.80000000e-009,-1.52343761e-004
,,,4.82500000e-009,-1.75781262e-004
,,,4.85000000e-009,-1.92187514e-004
,,,4.87500000e-009,-2.00000014e-004
,,,4.90000000e-009,-1.97656264e-004
,,,4.92500000e-009,-1.86718763e-004
,,,4.95000000e-009,-1.66406262e-004
,,,4.97500000e-009,-1.39062510e-004
,,,5.00000000e-009,-1.06250008e-004
,,,5.02500000e-009,-7.03125050e-005
,,,5.05000000e-009,-3.35937524e-005
,,,5.07500000e-009,0.00000000e+000
,,,5.10000000e-009,2.81250020e-005
,,,5.12500000e-009,5.00000035e-005
,,,5.15000000e-009,6.25000044e-005
,,,5.17500000e-009,6.71875048e-005
,,,5.20000000e-009,6.17187544e-005
,,,5.22500000e-009,4.84375034e-005
,,,5.25000000e-009,2.73437519e-005
,,,5.27500000e-009,0.00000000e+000
,,,5.30000000e-009,-3.20312523e-005
,,,5.32500000e-009,-6.71875048e-005
,,,5.35000000e-009,-1.00781257e-004
,,,5.37500000e-009,-1.32031259e-004
,,,5.40000000e-009,-1.58593761e-004
,,,5.42500000e-009,-1.79687513e-004
,,,5.45000000e-009,-1.92968764e-004
,,,5.47500000e-009,-2.00000014e-004
,,,5.50000000e-009,-1.99218764e-004
,,,5.52500000e-009,-1.94531264e-004
,,,5.55000000e-009,-1.86718763e-004
,,,5.57500000e-009,-1.79687513e-004
,,,5.60000000e-009,-1.75781262e-004
,,,5.62500000e-009,-1.76562512e-004
,,,5.65000000e-009,-1.84375013e-004
,,,5.67500000e-009,-2.00000014e-004
,,,5.70000000e-009,-2.20312516e-004
,,,5.72500000e-009,-2.47656268e-004
,,,5.75000000e-009,-2.78906270e-004
,,,5.77500000e-009,-3.11718772e-004
,,,5.80000000e-009,-3.42968774e-004
,,,5.82500000e-009,-3.69531276e-004
,,,5.85000000e-009,-3.89062528e-004
,,,5.87500000e-009,-4.00000028e-004
,,,5.90000000e-009,-3.96093778e-004
,,,5.92500000e-009,-3.82031277e-004
,,,5.95000000e-009,-3.58593775e-004
,,,5.97500000e-009,-3.28906273e-004
,,,6.00000000e-009,-2.94531271e-004
,,,6.02500000e-009,-2.60156268e-004
,,,6.05000000e-009,-2.27343766e-004
,,,6.07500000e-009,-2.00000014e-004
,,,6.10000000e-009,-1.76562512e-004
,,,6.12500000e-009,-1.61718761e-004
,,,6.15000000e-009,-1.55468761e-004
,,,6.17500000e-009,-1.56250011e-004
,,,6.20000000e-009,-1.62500012e-004
,,,6.22500000e-009,-1.73437512e-004
,,,6.25000000e-009,-1.85937513e-004
,,,6.27500000e-009,-2.00000014e-004
,,,6.30000000e-009,-2.10156265e-004
,,,6.32500000e-009,-2.17187515e-004
,,,6.35000000e-009,-2.21875016e-004
,,,6.37500000e-009,-2.23437516e-004
,,,6.40000000e-009,-2.21875016e-004
,,,6.42500000e-009,-2.17187515e-004
,,,6.45000000e-009,-2.09375015e-004
,,,6.47500000e-009,-2.00000014e-004
,,,6.50000000e-009,-1.85937513e-004
,,,6.52500000e-009,-1.69531262e-004
,,,6.55000000e-009,-1.50781261e-004
,,,6.57500000e-009,-1.28125009e-004
,,,6.60000000e-009,-1.01562507e-004
,,,6.62500000e-009,-7.10937550e-005
,,,6.65000000e-009,-3.67187526e-005
,,,6.67500000e-009,0.00000000e+000
,,,6.70000000e-009,3.75000027e-005
,,,6.72500000e-009,7.57812554e-005
,,,6.75000000e-009,1.11718758e-004
,,,6.77500000e-009,1.43750010e-004
,,,6.80000000e-009,1.70312512e-004
,,,6.82500000e-009,1.89062513e-004
,,,6.85000000e-009,1.99218764e-004
,,,6.87500000e-009,2.00000014e-004
,,,6.90000000e-009,1.87500013e-004
,,,6.92500000e-009,1.67187512e-004
,,,6.95000000e-009,1.41406260e-004
,,,6.97500000e-009,1.11718758e-004
,,,7.00000000e-009,8.04687557e-005
,,,7.02500000e-009,5.00000035e-005
,,,7.05000000e-009,2.26562516e-005
,,,7.07500000e-009,0.00000000e+000
,,,7.10000000e-009,-1.71875012e-005
,,,7.12500000e-009,-2.81250020e-005
,,,7.15000000e-009,-3.28125023e-005
,,,7.17500000e-009,-3.12500022e-005
,,,7.20000000e-009,-2.57812518e-005
,,,7.22500000e-009,-1.79687513e-005
,,,7.25000000e-009,-8.59375061e-006
,,,7.27500000e-009,0.00000000e+000
,,,7.30000000e-009,6.25000044e-006
,,,7.32500000e-009,1.09375008e-005
,,,7.35000000e-009,1.25000009e-005
,,,7.37500000e-009,1.25000009e-005
,,,7.40000000e-009,1.01562507e-005
,,,7.42500000e-009,7.03125050e-006
,,,7.45000000e-009,3.12500022e-006
,,,7.47500000e-009,0.00000000e+000
,,,7.50000000e-009,-3.90625028e-006
,,,7.52500000e-009,-6.25000044e-006
,,,7.55000000e-009,-7.03125050e-006
,,,7.57500000e-009,-7.03125050e-006
,,,7.60000000e-009,-6.25000044e-006
,,,7.62500000e-009,-3.90625028e-006
,,,7.65000000e-009,-1.56250011e-006
,,,7.67500000e-009,0.00000000e+000
,,,7.70000000e-009,1.56250011e-006
,,,7.72500000e-009,2.34375017e-006
,,,7.75000000e-009,3.12500022e-006
,,,7.77500000e-009,3.12500022e-006
,,,7.80000000e-009,2.34375017e-006
,,,7.82500000e-009,1.56250011e-006
,,,7.85000000e-009,7.81250055e-007
,,,7.87500000e-009,0.00000000e+000
,,,7.90000000e-009,0.00000000e+000
,,,7.92500000e-009,0.00000000e+000
,,,7.95000000e-009,0.00000000e+000
,,,7.97500000e-009,0.00000000e+000
,,,8.00000000e-009,0.00000000e+000
,,,8.02500000e-009,0.00000000e+000
,,,8.05000000e-009,0.00000000e+000
,,,8.07500000e-009,0.00000000e+000
,,,8.10000000e-009,-7.81250055e-007
,,,8.12500000e-009,-1.56250011e-006
,,,8.15000000e-009,-2.34375017e-006
,,,8.17500000e-009,-3.12500022e-006
,,,8.20000000e-009,-3.12500022e-006
,,,8.22500000e-009,-2.34375017e-006
,,,8.25000000e-009,-1.56250011e-006
,,,8.27500000e-009,0.00000000e+000
,,,8.30000000e-009,7.81250055e-007
,,,8.32500000e-009,2.34375017e-006
,,,8.35000000e-009,3.12500022e-006
,,,8.37500000e-009,3.90625028e-006
,,,8.40000000e-009,3.90625028e-006
,,,8.42500000e-009,3.12500022e-006
,,,8.45000000e-009,1.56250011e-006
,,,8.47500000e-009,0.00000000e+000
,,,8.50000000e-009,-2.34375017e-006
,,,8.52500000e-009,-4.68750033e-006
,,,8.55000000e-009,-7.03125050e-006
,,,8.57500000e-009,-8.59375061e-006
,,,8.60000000e-009,-8.59375061e-006
,,,8.62500000e-009,-7.03125050e-006
,,,8.65000000e-009,-3.90625028e-006
,,,8.67500000e-009,0.00000000e+000
,,,8.70000000e-009,3.90625028e-006
,,,8.72500000e-009,8.59375061e-006
,,,8.75000000e-009,1.32812509e-005
,,,8.77500000e-009,1.56250011e-005
,,,8.80000000e-009,1.64062512e-005
,,,8.82500000e-009,1.48437511e-005
,,,8.85000000e-009,9.37500066e-006
,,,8.87500000e-009,0.00000000e+000
,,,8.90000000e-009,-1.32812509e-005
,,,8.92500000e-009,-3.20312523e-005
,,,8.95000000e-009,-5.39062538e-005
,,,8.97500000e-009,-7.96875056e-005
,,,9.00000000e-009,-1.08593758e-004
,,,9.02500000e-009,-1.39062510e-004
,,,9.05000000e-009,-1.69531262e-004
,,,9.07500000e-009,-2.00000014e-004
,,,9.10000000e-009,-2.24218766e-004
,,,9.12500000e-009,-2.44531267e-004
,,,9.15000000e-009,-2.57812518e-004
,,,9.17500000e-009,-2.63281269e-004
,,,9.20000000e-009,-2.60937518e-004
,,,9.22500000e-009,-2.48437518e-004
,,,9.25000000e-009,-2.28125016e-004
,,,9.27500000e-009,-2.00000014e-004
,,,9.30000000e-009,-1.63281262e-004
,,,9.32500000e-009,-1.25000009e-004
,,,9.35000000e-009,-8.67187561e-005
,,,9.37500000e-009,-5.15625036e-005
,,,9.40000000e-009,-2.34375017e-005
,,,9.42500000e-009,-3.90625028e-006
,,,9.45000000e-009,3.12500022e-006
,,,9.47500000e-009,0.00000000e+000
,,,9.50000000e-009,-1.48437511e-005
,,,9.52500000e-009,-3.90625028e-005
,,,9.55000000e-009,-6.95312549e-005
,,,9.57500000e-009,-1.03906257e-004
,,,9.60000000e-009,-1.37500010e-004
,,,9.62500000e-009,-1.66406262e-004
,,,9.65000000e-009,-1.88281263e-004
,,,9.67500000e-009,-2.00000014e-004
,,,9.70000000e-009,-1.97656264e-004
,,,9.72500000e-009,-1.85156263e-004
,,,9.75000000e-009,-1.62500012e-004
,,,9.77500000e-009,-1.32031259e-004
,,,9.80000000e-009,-9.76562569e-005
,,,9.82500000e-009,-6.17187544e-005
,,,9.85000000e-009,-2.81250020e-005
,,,9.87500000e-009,0.00000000e+000
,,,9.90000000e-009,2.10937515e-005
,,,9.92500000e-009,3.51562525e-005
,,,9.95000000e-009,4.14062529e-005
,,,9.97500000e-009,3.98437528e-005
,,,1.00000000e-008,3.28125023e-005
,,,1.00250000e-008,2.26562516e-005
,,,1.00500000e-008,1.09375008e-005
,,,1.00750000e-008,0.00000000e+000
,,,1.01000000e-008,-9.37500066e-006
,,,1.01250000e-008,-1.64062512e-005
,,,1.01500000e-008,-1.95312514e-005
,,,1.01750000e-008,-1.95312514e-005
,,,1.02000000e-008,-1.64062512e-005
,,,1.02250000e-008,-1.09375008e-005
,,,1.02500000e-008,-5.46875039e-006
,,,1.02750000e-008,0.00000000e+000
,,,1.03000000e-008,5.46875039e-006
,,,1.03250000e-008,1.01562507e-005
,,,1.03500000e-008,1.32812509e-005
,,,1.03750000e-008,1.40625010e-005
,,,1.04000000e-008,1.32812509e-005
,,,1.04250000e-008,1.01562507e-005
,,,1.04500000e-008,5.46875039e-006
,,,1.04750000e-008,0.00000000e+000
,,,1.05000000e-008,-4.68750033e-006
,,,1.05250000e-008,-9.37500066e-006
,,,1.05500000e-008,-1.32812509e-005
,,,1.05750000e-008,-1.48437511e-005
,,,1.06000000e-008,-1.48437511e-005
,,,1.06250000e-008,-1.17187508e-005
,,,1.06500000e-008,-6.25000044e-006
,,,1.06750000e-008,0.00000000e+000
,,,1.07000000e-008,7.81250055e-006
,,,1.07250000e-008,1.64062512e-005
,,,1.07500000e-008,2.34375017e-005
,,,1.07750000e-008,2.81250020e-005
,,,1.08000000e-008,2.81250020e-005
,,,1.08250000e-008,2.42187517e-005
,,,1.08500000e-008,1.40625010e-005
,,,1.08750000e-008,0.00000000e+000
,,,1.09000000e-008,-1.71875012e-005
,,,1.09250000e-008,-3.59375025e-005
,,,1.09500000e-008,-5.15625036e-005
,,,1.09750000e-008,-6.25000044e-005
,,,1.10000000e-008,-6.48437546e-005
,,,1.10250000e-008,-5.62500040e-005
,,,1.10500000e-008,-3.43750024e-005
,,,1.10750000e-008,0.00000000e+000
,,,1.11000000e-008,4.68750033e-005
,,,1.11250000e-008,1.03125007e-004
,,,1.11500000e-008,1.64843762e-004
,,,1.11750000e-008,2.27343766e-004
,,,1.12000000e-008,2.86718770e-004
,,,1.12250000e-008,3.37500024e-004
,,,1.12500000e-008,3.75781277e-004
,,,1.12750000e-008,4.00000028e-004
,,,1.13000000e-008,4.03906279e-004
,,,1.13250000e-008,3.92187528e-004
,,,1.13500000e-008,3.67968776e-004
,,,1.13750000e-008,3.35156274e-004
,,,1.14000000e-008,2.97656271e-004
,,,1.14250000e-008,2.60156268e-004
,,,1.14500000e-008,2.26562516e-004
,,,1.14750000e-008,2.00000014e-004
,,,1.15000000e-008,1.80468763e-004
,,,1.15250000e-008,1.71093762e-004
,,,1.15500000e-008,1.70312512e-004
,,,1.15750000e-008,1.75781262e-004
,,,1.16000000e-008,1.84375013e-004
,,,1.16250000e-008,1.93750014e-004
,,,1.16500000e-008,1.99218764e-004
,,,1.16750000e-008,2.00000014e-004
,,,1.17000000e-008,1.90625013e-004
,,,1.17250000e-008,1.73437512e-004
,,,1.17500000e-008,1.49218761e-004
,,,1.17750000e-008,1.20312509e-004
,,,1.18000000e-008,8.82812562e-005
,,,1.18250000e-008,5.54687539e-005
,,,1.18500000e-008,2.50000018e-005
,,,1.18750000e-008,0.00000000e+000
,,,1.19000000e-008,-1.87500013e-005
,,,1.19250000e-008,-3.04687522e-005
,,,1.19500000e-008,-3.59375025e-005
,,,1.19750000e-008,-3.43750024e-005
,,,1.20000000e-008,-2.89062520e-005
,,,1.20250000e-008,-1.95312514e-005
,,,1.20500000e-008,-9.37500066e-006
,,,1.20750000e-008,0.00000000e+000
,,,1.21000000e-008,7.81250055e-006
,,,1.21250000e-008,1.32812509e-005
,,,1.21500000e-008,1.56250011e-005
,,,1.21750000e-008,1.48437511e-005
,,,1.22000000e-008,1.25000009e-005
,,,1.22250000e-008,8.59375061e-006
,,,1.22500000e-008,3.90625028e-006
,,,1.22750000e-008,0.00000000e+000
,,,1.23000000e-008,-1.56250011e-006
,,,1.23250000e-008,-3.12500022e-006
,,,1.23500000e-008,-3.90625028e-006
,,,1.23750000e-008,-3.90625028e-006
,,,1.24000000e-008,-3.12500022e-006
,,,1.24250000e-008,-2.34375017e-006
,,,1.24500000e-008,-7.81250055e-007
,,,1.24750000e-008,0.00000000e+000
,,,1.25000000e-008,1.56250011e-006
,,,1.25250000e-008,2.34375017e-006
,,,1.25500000e-008,3.12500022e-006
,,,1.25750000e-008,3.12500022e-006
,,,1.26000000e-008,2.34375017e-006
,,,1.26250000e-008,1.56250011e-006
,,,1.26500000e-008,7.81250055e-007
,,,1.26750000e-008,0.00000000e+000
,,,1.27000000e-008,0.00000000e+000
,,,1.27250000e-008,0.00000000e+000
,,,1.27500000e-008,0.00000000e+000
,,,1.27750000e-008,0.00000000e+000
,,,1.28000000e-008,0.00000000e+000
,,,1.28250000e-008,0.00000000e+000
,,,1.28500000e-008,0.00000000e+000
,,,1.28750000e-008,0.00000000e+000
,,,1.29000000e-008,0.00000000e+000
,,,1.29250000e-008,0.00000000e+000
,,,1.29500000e-008,0.00000000e+000
,,,1.29750000e-008,0.00000000e+000
,,,1.30000000e-008,0.00000000e+000
,,,1.30250000e-008,0.00000000e+000
,,,1.30500000e-008,0.00000000e+000
,,,1.30750000e-008,0.00000000e+000
,,,1.31000000e-008,0.00000000e+000
,,,1.31250000e-008,0.00000000e+000
,,,1.31500000e-008,0.00000000e+000
,,,1.31750000e-008,0.00000000e+000
,,,1.32000000e-008,0.00000000e+000
,,,1.32250000e-008,0.00000000e+000
,,,1.32500000e-008,0.00000000e+000
,,,1.32750000e-008,0.00000000e+000
,,,1.33000000e-008,0.00000000e+000
,,,1.33250000e-008,0.00000000e+000
,,,1.33500000e-008,0.00000000e+000
,,,1.33750000e-008,0.00000000e+000
,,,1.34000000e-008,0.00000000e+000
,,,1.34250000e-008,0.00000000e+000
,,,1.34500000e-008,0.00000000e+000
,,,1.34750000e-008,0.00000000e+000
,,,1.35000000e-008,0.00000000e+000
,,,1.35250000e-008,0.00000000e+000
,,,1.35500000e-008,0.00000000e+000
,,,1.35750000e-008,0.00000000e+000
,,,1.36000000e-008,0.00000000e+000
,,,1.36250000e-008,0.00000000e+000
,,,1.36500000e-008,0.00000000e+000
,,,1.36750000e-008,0.00000000e+000
,,,1.37000000e-008,0.00000000e+000
,,,1.37250000e-008,0.00000000e+000
,,,1.37500000e-008,0.00000000e+000
,,,1.37750000e-008,0.00000000e+000
,,,1.38000000e-008,0.00000000e+000
,,,1.38250000e-008,0.00000000e+000
,,,1.38500000e-008,0.00000000e+000
,,,1.38750000e-008,0.00000000e+000
,,,1.39000000e-008,7.81250055e-007
,,,1.39250000e-008,1.56250011e-006
,,,1.39500000e-008,2.34375017e-006
,,,1.39750000e-008,3.12500022e-006
,,,1.40000000e-008,3.12500022e-006
,,,1.40250000e-008,2.34375017e-006
,,,1.40500000e-008,1.56250011e-006
,,,1.40750000e-008,0.00000000e+000
,,,1.41000000e-008,0.00000000e+000
,,,1.41250000e-008,0.00000000e+000
,,,1.41500000e-008,0.00000000e+000
,,,1.41750000e-008,-7.81250055e-007
,,,1.42000000e-008,-7.81250055e-007
,,,1.42250000e-008,0.00000000e+000
,,,1.42500000e-008,0.00000000e+000
,,,1.42750000e-008,0.00000000e+000
,,,1.43000000e-008,7.81250055e-007
,,,1.43250000e-008,2.34375017e-006
,,,1.43500000e-008,3.12500022e-006
,,,1.43750000e-008,3.90625028e-006
,,,1.44000000e-008,3.90625028e-006
,,,1.44250000e-008,3.12500022e-006
,,,1.44500000e-008,1.56250011e-006
,,,1.44750000e-008,0.00000000e+000
,,,1.45000000e-008,-1.56250011e-006
,,,1.45250000e-008,-3.90625028e-006
,,,1.45500000e-008,-5.46875039e-006
,,,1.45750000e-008,-7.03125050e-006
,,,1.46000000e-008,-7.81250055e-006
,,,1.46250000e-008,-7.03125050e-006
,,,1.46500000e-008,-4.68750033e-006
,,,1.46750000e-008,0.00000000e+000
,,,1.47000000e-008,1.01562507e-005
,,,1.47250000e-008,2.50000018e-005
,,,1.47500000e-008,4.37500031e-005
,,,1.47750000e-008,6.71875048e-005
,,,1.48000000e-008,9.53125067e-005
,,,1.48250000e-008,1.26562509e-004
,,,1.48500000e-008,1.61718761e-004
,,,1.48750000e-008,2.00000014e-004
,,,1.49000000e-008,2.38281267e-004
,,,1.49250000e-008,2.75781270e-004
,,,1.49500000e-008,3.11718772e-004
,,,1.49750000e-008,3.42968774e-004
,,,1.50000000e-008,3.68750026e-004
,,,1.50250000e-008,3.87500027e-004
,,,1.50500000e-008,3.97656278e-004
,,,1.50750000e-008,4.00000028e-004
,,,1.51000000e-008,3.90625028e-004
,,,1.51250000e-008,3.74218776e-004
,,,1.51500000e-008,3.51562525e-004
,,,1.51750000e-008,3.23437523e-004
,,,1.52000000e-008,2.92187521e-004
,,,1.52250000e-008,2.60156268e-004
,,,1.52500000e-008,2.28906266e-004
,,,1.52750000e-008,2.00000014e-004
,,,1.53000000e-008,1.76562512e-004
,,,1.53250000e-008,1.59375011e-004
,,,1.53500000e-008,1.50000011e-004
,,,1.53750000e-008,1.47656260e-004
,,,1.54000000e-008,1.52343761e-004
,,,1.54250000e-008,1.62500012e-004
,,,1.54500000e-008,1.78906263e-004
,,,1.54750000e-008,2.00000014e-004
,,,1.55000000e-008,2.24218766e-004
,,,1.55250000e-008,2.51562518e-004
,,,1.55500000e-008,2.80468770e-004
,,,1.55750000e-008,3.08593772e-004
,,,1.56000000e-008,3.35156274e-004
,,,1.56250000e-008,3.60156275e-004
,,,1.56500000e-008,3.81250027e-004
,,,1.56750000e-008,4.00000028e-004
,,,1.57000000e-008,4.10156279e-004
,,,1.57250000e-008,4.15625029e-004
,,,1.57500000e-008,4.18750030e-004
,,,1.57750000e-008,4.17968780e-004
,,,1.58000000e-008,4.14843779e-004
,,,1.58250000e-008,4.10156279e-004
,,,1.58500000e-008,4.04687529e-004
,,,1.58750000e-008,4.00000028e-004
,,,1.59000000e-008,3.92187528e-004
,,,1.59250000e-008,3.85937527e-004
,,,1.59500000e-008,3.82031277e-004
,,,1.59750000e-008,3.79687527e-004
,,,1.60000000e-008,3.80468777e-004
,,,1.60250000e-008,3.83593777e-004
,,,1.60500000e-008,3.89843778e-004
,,,1.60750000e-008,4.00000028e-004
,,,1.61000000e-008,4.10937529e-004
,,,1.61250000e-008,4.25781280e-004
,,,1.61500000e-008,4.44531281e-004
,,,1.61750000e-008,4.67968783e-004
,,,1.62000000e-008,4.95312535e-004
,,,1.62250000e-008,5.27343787e-004
,,,1.62500000e-008,5.62500040e-004
,,,1.62750000e-008,6.00000042e-004
,,,1.63000000e-008,6.30468795e-004
,,,1.63250000e-008,6.57031297e-004
,,,1.63500000e-008,6.77343798e-004
,,,1.63750000e-008,6.88281299e-004
,,,1.64000000e-008,6.87500049e-004
,,,1.64250000e-008,6.73437548e-004
,,,1.64500000e-008,6.44531296e-004
,,,1.64750000e-008,6.00000042e-004
,,,1.65000000e-008,5.35937538e-004
,,,1.65250000e-008,4.60937533e-004
,,,1.65500000e-008,3.78125027e-004
,,,1.65750000e-008,2.92187521e-004
,,,1.66000000e-008,2.07031265e-004
,,,1.66250000e-008,1.27343759e-004
,,,1.66500000e-008,5.70312540e-005
,,,1.66750000e-008,0.00000000e+000
,,,1.67000000e-008,-4.06250029e-005
,,,1.67250000e-008,-6.64062547e-005
,,,1.67500000e-008,-7.73437555e-005
,,,1.67750000e-008,-7.57812554e-005
,,,1.68000000e-008,-6.40625045e-005
,,,1.68250000e-008,-4.53125032e-005
,,,1.68500000e-008,-2.26562516e-005
,,,1.68750000e-008,0.00000000e+000
,,,1.69000000e-008,2.26562516e-005
,,,1.69250000e-008,4.06250029e-005
,,,1.69500000e-008,5.15625036e-005
,,,1.69750000e-008,5.54687539e-005
,,,1.70000000e-008,5.15625036e-005
,,,1.70250000e-008,3.98437528e-005
,,,1.70500000e-008,2.26562516e-005
,,,1.70750000e-008,0.00000000e+000
,,,1.71000000e-008,-2.34375017e-005
,,,1.71250000e-008,-4.92187535e-005
,,,1.71500000e-008,-7.73437555e-005
,,,1.71750000e-008,-1.04687507e-004
,,,1.72000000e-008,-1.31250009e-004
,,,1.72250000e-008,-1.57031261e-004
,,,1.72500000e-008,-1.79687513e-004
