"Record Length",1000,"Points",-7.72500000e-009,-1.14843898e-004
"Sample Interval",2.50000000e-011,s,-7.70000000e-009,-1.14843898e-004
"Trigger Point",309,"Samples",-7.67500000e-009,-1.12500148e-004
"Trigger Time",1.13715439e-011,s,-7.65000000e-009,-1.07812647e-004
"",,,-7.62500000e-009,-1.03125147e-004
"Horizontal Offset",-7.72500000e-009,s,-7.60000000e-009,-1.00000147e-004
,,,-7.57500000e-009,-1.00000147e-004
,,,-7.55000000e-009,-9.76563966e-005
,,,-7.52500000e-009,-9.76563966e-005
,,,-7.50000000e-009,-1.00781397e-004
,,,-7.47500000e-009,-1.04687647e-004
,,,-7.45000000e-009,-1.07812647e-004
,,,-7.42500000e-009,-1.09375147e-004
,,,-7.40000000e-009,-1.07031397e-004
,,,-7.37500000e-009,-1.00000147e-004
,,,-7.35000000e-009,-8.43751457e-005
,,,-7.32500000e-009,-6.40626442e-005
,,,-7.30000000e-009,-3.90626425e-005
,,,-7.27500000e-009,-1.17188905e-005
,,,-7.25000000e-009,1.79686116e-005
,,,-7.22500000e-009,4.76561137e-005
,,,-7.20000000e-009,7.57811157e-005
,,,-7.17500000e-009,9.99998674e-005
,,,-7.15000000e-009,1.20312369e-004
,,,-7.12500000e-009,1.34374870e-004
,,,-7.10000000e-009,1.42187370e-004
,,,-7.07500000e-009,1.43749870e-004
,,,-7.05000000e-009,1.39062370e-004
,,,-7.02500000e-009,1.29687369e-004
,,,-7.00000000e-009,1.16406119e-004
,,,-6.97500000e-009,9.99998674e-005
,,,-6.95000000e-009,8.51561163e-005
,,,-6.92500000e-009,7.10936153e-005
,,,-6.90000000e-009,6.09373646e-005
,,,-6.87500000e-009,5.54686142e-005
,,,-6.85000000e-009,5.62498643e-005
,,,-6.82500000e-009,6.40623648e-005
,,,-6.80000000e-009,7.89061159e-005
,,,-6.77500000e-009,9.99998674e-005
,,,-6.75000000e-009,1.27343619e-004
,,,-6.72500000e-009,1.58593622e-004
,,,-6.70000000e-009,1.92187374e-004
,,,-6.67500000e-009,2.24218626e-004
,,,-6.65000000e-009,2.53906128e-004
,,,-6.62500000e-009,2.77343630e-004
,,,-6.60000000e-009,2.93749881e-004
,,,-6.57500000e-009,2.99999882e-004
,,,-6.55000000e-009,2.96093631e-004
,,,-6.52500000e-009,2.82812380e-004
,,,-6.50000000e-009,2.60937379e-004
,,,-6.47500000e-009,2.32812377e-004
,,,-6.45000000e-009,2.00781125e-004
,,,-6.42500000e-009,1.66406122e-004
,,,-6.40000000e-009,1.32031120e-004
,,,-6.37500000e-009,9.99998674e-005
,,,-6.35000000e-009,7.49998656e-005
,,,-6.32500000e-009,5.70311143e-005
,,,-6.30000000e-009,4.60936136e-005
,,,-6.27500000e-009,4.37498634e-005
,,,-6.25000000e-009,4.92186138e-005
,,,-6.22500000e-009,6.09373646e-005
,,,-6.20000000e-009,7.81248658e-005
,,,-6.17500000e-009,9.99998674e-005
,,,-6.15000000e-009,1.27343619e-004
,,,-6.12500000e-009,1.55468621e-004
,,,-6.10000000e-009,1.84374873e-004
,,,-6.07500000e-009,2.12499875e-004
,,,-6.05000000e-009,2.39062377e-004
,,,-6.02500000e-009,2.62499879e-004
,,,-6.00000000e-009,2.83593630e-004
,,,-5.97500000e-009,2.99999882e-004
,,,-5.95000000e-009,3.12499882e-004
,,,-5.92500000e-009,3.20312383e-004
,,,-5.90000000e-009,3.24999883e-004
,,,-5.87500000e-009,3.24999883e-004
,,,-5.85000000e-009,3.22656133e-004
,,,-5.82500000e-009,3.17187383e-004
,,,-5.80000000e-009,3.09374882e-004
,,,-5.77500000e-009,2.99999882e-004
,,,-5.75000000e-009,2.89843631e-004
,,,-5.72500000e-009,2.79687380e-004
,,,-5.70000000e-009,2.72656130e-004
,,,-5.67500000e-009,2.68749879e-004
,,,-5.65000000e-009,2.68749879e-004
,,,-5.62500000e-009,2.74218630e-004
,,,-5.60000000e-009,2.84374880e-004
,,,-5.57500000e-009,2.99999882e-004
,,,-5.55000000e-009,3.20312383e-004
,,,-5.52500000e-009,3.42968635e-004
,,,-5.50000000e-009,3.69531136e-004
,,,-5.47500000e-009,3.96874888e-004
,,,-5.45000000e-009,4.24999890e-004
,,,-5.42500000e-009,4.52343642e-004
,,,-5.40000000e-009,4.78124894e-004
,,,-5.37500000e-009,4.99999896e-004
,,,-5.35000000e-009,5.14062397e-004
,,,-5.32500000e-009,5.23437397e-004
,,,-5.30000000e-009,5.28906148e-004
,,,-5.27500000e-009,5.28906148e-004
,,,-5.25000000e-009,5.26562398e-004
,,,-5.22500000e-009,5.20312397e-004
,,,-5.20000000e-009,5.11718647e-004
,,,-5.17500000e-009,4.99999896e-004
,,,-5.15000000e-009,4.82812394e-004
,,,-5.12500000e-009,4.62499893e-004
,,,-5.10000000e-009,4.40624891e-004
,,,-5.07500000e-009,4.16406140e-004
,,,-5.05000000e-009,3.90624888e-004
,,,-5.02500000e-009,3.62499886e-004
,,,-5.00000000e-009,3.32031134e-004
,,,-4.97500000e-009,2.99999882e-004
,,,-4.95000000e-009,2.65624879e-004
,,,-4.92500000e-009,2.31249877e-004
,,,-4.90000000e-009,1.98437374e-004
,,,-4.87500000e-009,1.68749872e-004
,,,-4.85000000e-009,1.42968620e-004
,,,-4.82500000e-009,1.22656119e-004
,,,-4.80000000e-009,1.08593618e-004
,,,-4.77500000e-009,9.99998674e-005
,,,-4.75000000e-009,9.68748672e-005
,,,-4.72500000e-009,9.76561172e-005
,,,-4.70000000e-009,1.00781117e-004
,,,-4.67500000e-009,1.05468618e-004
,,,-4.65000000e-009,1.09374868e-004
,,,-4.62500000e-009,1.10937368e-004
,,,-4.60000000e-009,1.07812368e-004
,,,-4.57500000e-009,9.99998674e-005
,,,-4.55000000e-009,8.82811166e-005
,,,-4.52500000e-009,6.95311152e-005
,,,-4.50000000e-009,4.68748636e-005
,,,-4.47500000e-009,1.95311117e-005
,,,-4.45000000e-009,-1.09376405e-005
,,,-4.42500000e-009,-4.21876427e-005
,,,-4.40000000e-009,-7.18751448e-005
,,,-4.37500000e-009,-1.00000147e-004
,,,-4.35000000e-009,-1.20312648e-004
,,,-4.32500000e-009,-1.35937649e-004
,,,-4.30000000e-009,-1.45312650e-004
,,,-4.27500000e-009,-1.48437650e-004
,,,-4.25000000e-009,-1.44531400e-004
,,,-4.22500000e-009,-1.34375149e-004
,,,-4.20000000e-009,-1.18750148e-004
,,,-4.17500000e-009,-1.00000147e-004
,,,-4.15000000e-009,-7.50001450e-005
,,,-4.12500000e-009,-5.23438934e-005
,,,-4.10000000e-009,-3.43751421e-005
,,,-4.07500000e-009,-2.50001415e-005
,,,-4.05000000e-009,-2.57813915e-005
,,,-4.02500000e-009,-3.90626425e-005
,,,-4.00000000e-009,-6.32813942e-005
,,,-3.97500000e-009,-1.00000147e-004
,,,-3.95000000e-009,-1.41406400e-004
,,,-3.92500000e-009,-1.88281403e-004
,,,-3.90000000e-009,-2.34375156e-004
,,,-3.87500000e-009,-2.75781409e-004
,,,-3.85000000e-009,-3.06250161e-004
,,,-3.82500000e-009,-3.22656413e-004
,,,-3.80000000e-009,-3.20312662e-004
,,,-3.77500000e-009,-3.00000161e-004
,,,-3.75000000e-009,-2.57031408e-004
,,,-3.72500000e-009,-2.00781404e-004
,,,-3.70000000e-009,-1.35156399e-004
,,,-3.67500000e-009,-6.79688945e-005
,,,-3.65000000e-009,-4.68764003e-006
,,,-3.62500000e-009,4.76561137e-005
,,,-3.60000000e-009,8.35936162e-005
,,,-3.57500000e-009,9.99998674e-005
,,,-3.55000000e-009,9.76561172e-005
,,,-3.52500000e-009,7.65623657e-005
,,,-3.50000000e-009,4.21873633e-005
,,,-3.47500000e-009,-1.39698386e-010
,,,-3.45000000e-009,-4.14063926e-005
,,,-3.42500000e-009,-7.57813951e-005
,,,-3.40000000e-009,-9.68751466e-005
,,,-3.37500000e-009,-1.00000147e-004
,,,-3.35000000e-009,-8.28126456e-005
,,,-3.32500000e-009,-4.68751430e-005
,,,-3.30000000e-009,5.46861069e-006
,,,-3.27500000e-009,6.87498652e-005
,,,-3.25000000e-009,1.35937370e-004
,,,-3.22500000e-009,2.01562375e-004
,,,-3.20000000e-009,2.57812379e-004
,,,-3.17500000e-009,2.99999882e-004
,,,-3.15000000e-009,3.18749883e-004
,,,-3.12500000e-009,3.17187383e-004
,,,-3.10000000e-009,2.98437381e-004
,,,-3.07500000e-009,2.66406129e-004
,,,-3.05000000e-009,2.24999876e-004
,,,-3.02500000e-009,1.79687373e-004
,,,-3.00000000e-009,1.36718620e-004
,,,-2.97500000e-009,9.99998674e-005
,,,-2.95000000e-009,7.10936153e-005
,,,-2.92500000e-009,5.31248641e-005
,,,-2.90000000e-009,4.60936136e-005
,,,-2.87500000e-009,4.92186138e-005
,,,-2.85000000e-009,5.85936144e-005
,,,-2.82500000e-009,7.26561154e-005
,,,-2.80000000e-009,8.74998665e-005
,,,-2.77500000e-009,9.99998674e-005
,,,-2.75000000e-009,1.06249868e-004
,,,-2.72500000e-009,1.08593618e-004
,,,-2.70000000e-009,1.07031118e-004
,,,-2.67500000e-009,1.03906118e-004
,,,-2.65000000e-009,9.99998674e-005
,,,-2.62500000e-009,9.76561172e-005
,,,-2.60000000e-009,9.76561172e-005
,,,-2.57500000e-009,9.99998674e-005
,,,-2.55000000e-009,1.03124868e-004
,,,-2.52500000e-009,1.03906118e-004
,,,-2.50000000e-009,9.99998674e-005
,,,-2.47500000e-009,8.82811166e-005
,,,-2.45000000e-009,6.48436149e-005
,,,-2.42500000e-009,2.65623622e-005
,,,-2.40000000e-009,-2.81251417e-005
,,,-2.37500000e-009,-1.00000147e-004
,,,-2.35000000e-009,-1.83593903e-004
,,,-2.32500000e-009,-2.77343909e-004
,,,-2.30000000e-009,-3.74218916e-004
,,,-2.27500000e-009,-4.68750173e-004
,,,-2.25000000e-009,-5.53906429e-004
,,,-2.22500000e-009,-6.24218934e-004
,,,-2.20000000e-009,-6.73437687e-004
,,,-2.17500000e-009,-7.00000189e-004
,,,-2.15000000e-009,-6.93750189e-004
,,,-2.12500000e-009,-6.64062687e-004
,,,-2.10000000e-009,-6.16406433e-004
,,,-2.07500000e-009,-5.54687679e-004
,,,-2.05000000e-009,-4.85937674e-004
,,,-2.02500000e-009,-4.17187669e-004
,,,-2.00000000e-009,-3.53125165e-004
,,,-1.97500000e-009,-3.00000161e-004
,,,-1.95000000e-009,-2.57031408e-004
,,,-1.92500000e-009,-2.30468906e-004
,,,-1.90000000e-009,-2.20312655e-004
,,,-1.87500000e-009,-2.24218906e-004
,,,-1.85000000e-009,-2.38281407e-004
,,,-1.82500000e-009,-2.58593908e-004
,,,-1.80000000e-009,-2.80468910e-004
,,,-1.77500000e-009,-3.00000161e-004
,,,-1.75000000e-009,-3.07031411e-004
,,,-1.72500000e-009,-3.05468911e-004
,,,-1.70000000e-009,-2.92968910e-004
,,,-1.67500000e-009,-2.69531409e-004
,,,-1.65000000e-009,-2.36718906e-004
,,,-1.62500000e-009,-1.96093904e-004
,,,-1.60000000e-009,-1.49218900e-004
,,,-1.57500000e-009,-1.00000147e-004
,,,-1.55000000e-009,-5.15626433e-005
,,,-1.52500000e-009,-7.81264025e-006
,,,-1.50000000e-009,3.04686125e-005
,,,-1.47500000e-009,6.09373646e-005
,,,-1.45000000e-009,8.35936162e-005
,,,-1.42500000e-009,9.76561172e-005
,,,-1.40000000e-009,1.03124868e-004
,,,-1.37500000e-009,9.99998674e-005
,,,-1.35000000e-009,8.20311161e-005
,,,-1.32500000e-009,5.62498643e-005
,,,-1.30000000e-009,2.57811121e-005
,,,-1.27500000e-009,-6.25014014e-006
,,,-1.25000000e-009,-3.75001424e-005
,,,-1.22500000e-009,-6.48438943e-005
,,,-1.20000000e-009,-8.67188958e-005
,,,-1.17500000e-009,-1.00000147e-004
,,,-1.15000000e-009,-1.19531398e-004
,,,-1.12500000e-009,-1.28906399e-004
,,,-1.10000000e-009,-1.26562649e-004
,,,-1.07500000e-009,-1.09375147e-004
,,,-1.05000000e-009,-7.73438952e-005
,,,-1.02500000e-009,-3.04688919e-005
,,,-1.00000000e-009,2.96873624e-005
,,,-9.75000000e-010,9.99998674e-005
,,,-9.50000000e-010,1.47656121e-004
,,,-9.25000000e-010,1.92187374e-004
,,,-9.00000000e-010,2.32031127e-004
,,,-8.75000000e-010,2.65624879e-004
,,,-8.50000000e-010,2.90624881e-004
,,,-8.25000000e-010,3.06249882e-004
,,,-8.00000000e-010,3.10156132e-004
,,,-7.75000000e-010,2.99999882e-004
,,,-7.50000000e-010,2.32031127e-004
,,,-7.25000000e-010,1.44531121e-004
,,,-7.00000000e-010,4.21873633e-005
,,,-6.75000000e-010,-6.87501446e-005
,,,-6.50000000e-010,-1.82812653e-004
,,,-6.25000000e-010,-2.95312661e-004
,,,-6.00000000e-010,-4.01562668e-004
,,,-5.75000000e-010,-5.00000175e-004
,,,-5.50000000e-010,-6.35156435e-004
,,,-5.25000000e-010,-7.69531444e-004
,,,-5.00000000e-010,-9.00781453e-004
,,,-4.75000000e-010,-1.02734396e-003
,,,-4.50000000e-010,-1.14921897e-003
,,,-4.25000000e-010,-1.26718773e-003
,,,-4.00000000e-010,-1.38281274e-003
,,,-3.75000000e-010,-1.50000025e-003
,,,-3.50000000e-010,-1.66406276e-003
,,,-3.25000000e-010,-1.84218777e-003
,,,-3.00000000e-010,-2.03437528e-003
,,,-2.75000000e-010,-2.23671905e-003
,,,-2.50000000e-010,-2.44609406e-003
,,,-2.25000000e-010,-2.66093783e-003
,,,-2.00000000e-010,-2.87812534e-003
,,,-1.75000000e-010,-3.10000036e-003
,,,-1.50000000e-010,-3.35625038e-003
,,,-1.25000000e-010,-3.62656290e-003
,,,-1.00000000e-010,-3.91015667e-003
,,,-7.50000000e-011,-4.20625044e-003
,,,-5.00000000e-011,-4.51484421e-003
,,,-2.50000000e-011,-4.83359423e-003
,,,0.00000000e+000,-5.16250051e-003
,,,2.50000000e-011,-5.50000053e-003
,,,5.00000000e-011,-5.84843805e-003
,,,7.50000000e-011,-6.20859433e-003
,,,1.00000000e-010,-6.57421936e-003
,,,1.25000000e-010,-6.94062563e-003
,,,1.50000000e-010,-7.30156316e-003
,,,1.75000000e-010,-7.65156318e-003
,,,2.00000000e-010,-7.98515695e-003
,,,2.25000000e-010,-8.30000073e-003
,,,2.50000000e-010,-8.56796950e-003
,,,2.75000000e-010,-8.82500076e-003
,,,3.00000000e-010,-9.07500078e-003
,,,3.25000000e-010,-9.31953205e-003
,,,3.50000000e-010,-9.56328207e-003
,,,3.75000000e-010,-9.80703208e-003
,,,4.00000000e-010,-1.00531259e-002
,,,4.25000000e-010,-1.03000009e-002
,,,4.50000000e-010,-1.04976571e-002
,,,4.75000000e-010,-1.07023446e-002
,,,5.00000000e-010,-1.09125009e-002
,,,5.25000000e-010,-1.11250009e-002
,,,5.50000000e-010,-1.13367197e-002
,,,5.75000000e-010,-1.15406260e-002
,,,6.00000000e-010,-1.17304697e-002
,,,6.25000000e-010,-1.19000010e-002
,,,6.50000000e-010,-1.19773447e-002
,,,6.75000000e-010,-1.20343760e-002
,,,7.00000000e-010,-1.20742197e-002
,,,7.25000000e-010,-1.21000010e-002
,,,7.50000000e-010,-1.21140635e-002
,,,7.75000000e-010,-1.21179697e-002
,,,8.00000000e-010,-1.21132822e-002
,,,8.25000000e-010,-1.21000010e-002
,,,8.50000000e-010,-1.20085947e-002
,,,8.75000000e-010,-1.19179697e-002
,,,9.00000000e-010,-1.18312510e-002
,,,9.25000000e-010,-1.17523447e-002
,,,9.50000000e-010,-1.16820322e-002
,,,9.75000000e-010,-1.16187510e-002
,,,1.00000000e-009,-1.15593760e-002
,,,1.02500000e-009,-1.15000010e-002
,,,1.05000000e-009,-1.13726572e-002
,,,1.07500000e-009,-1.12398447e-002
,,,1.10000000e-009,-1.11015634e-002
,,,1.12500000e-009,-1.09570322e-002
,,,1.15000000e-009,-1.08062509e-002
,,,1.17500000e-009,-1.06476571e-002
,,,1.20000000e-009,-1.04796884e-002
,,,1.22500000e-009,-1.03000009e-002
,,,1.25000000e-009,-1.00609384e-002
,,,1.27500000e-009,-9.81015708e-003
,,,1.30000000e-009,-9.55078207e-003
,,,1.32500000e-009,-9.28984455e-003
,,,1.35000000e-009,-9.03046953e-003
,,,1.37500000e-009,-8.77734451e-003
,,,1.40000000e-009,-8.53281324e-003
,,,1.42500000e-009,-8.30000073e-003
,,,1.45000000e-009,-8.05390696e-003
,,,1.47500000e-009,-7.81406319e-003
,,,1.50000000e-009,-7.58046943e-003
,,,1.52500000e-009,-7.35390691e-003
,,,1.55000000e-009,-7.13359439e-003
,,,1.57500000e-009,-6.91875063e-003
,,,1.60000000e-009,-6.70781311e-003
,,,1.62500000e-009,-6.50000060e-003
,,,1.65000000e-009,-6.28906308e-003
,,,1.67500000e-009,-6.07031307e-003
,,,1.70000000e-009,-5.84453180e-003
,,,1.72500000e-009,-5.61406304e-003
,,,1.75000000e-009,-5.38046927e-003
,,,1.77500000e-009,-5.14843800e-003
,,,1.80000000e-009,-4.92109424e-003
,,,1.82500000e-009,-4.70000047e-003
,,,1.85000000e-009,-4.50000046e-003
,,,1.87500000e-009,-4.29921919e-003
,,,1.90000000e-009,-4.09687543e-003
,,,1.92500000e-009,-3.89453167e-003
,,,1.95000000e-009,-3.69140665e-003
,,,1.97500000e-009,-3.49062539e-003
,,,2.00000000e-009,-3.29296912e-003
,,,2.02500000e-009,-3.10000036e-003
,,,2.05000000e-009,-2.93750035e-003
,,,2.07500000e-009,-2.77421909e-003
,,,2.10000000e-009,-2.61015657e-003
,,,2.12500000e-009,-2.44843781e-003
,,,2.15000000e-009,-2.29296905e-003
,,,2.17500000e-009,-2.14687529e-003
,,,2.20000000e-009,-2.01484403e-003
,,,2.22500000e-009,-1.90000027e-003
,,,2.25000000e-009,-1.83203152e-003
,,,2.27500000e-009,-1.77265652e-003
,,,2.30000000e-009,-1.71875026e-003
,,,2.32500000e-009,-1.66875026e-003
,,,2.35000000e-009,-1.62265650e-003
,,,2.37500000e-009,-1.57890650e-003
,,,2.40000000e-009,-1.53750025e-003
,,,2.42500000e-009,-1.50000025e-003
,,,2.45000000e-009,-1.48906275e-003
,,,2.47500000e-009,-1.47265649e-003
,,,2.50000000e-009,-1.44921899e-003
,,,2.52500000e-009,-1.42031274e-003
,,,2.55000000e-009,-1.38828149e-003
,,,2.57500000e-009,-1.35625024e-003
,,,2.60000000e-009,-1.32578148e-003
,,,2.62500000e-009,-1.30000023e-003
,,,2.65000000e-009,-1.29843773e-003
,,,2.67500000e-009,-1.29687523e-003
,,,2.70000000e-009,-1.29609398e-003
,,,2.72500000e-009,-1.29453148e-003
,,,2.75000000e-009,-1.29453148e-003
,,,2.77500000e-009,-1.29453148e-003
,,,2.80000000e-009,-1.29609398e-003
,,,2.82500000e-009,-1.30000023e-003
,,,2.85000000e-009,-1.31484398e-003
,,,2.87500000e-009,-1.32578148e-003
,,,2.90000000e-009,-1.33125023e-003
,,,2.92500000e-009,-1.33203148e-003
,,,2.95000000e-009,-1.32812523e-003
,,,2.97500000e-009,-1.32031273e-003
,,,3.00000000e-009,-1.31015648e-003
,,,3.02500000e-009,-1.30000023e-003
,,,3.05000000e-009,-1.29375023e-003
,,,3.07500000e-009,-1.28750023e-003
,,,3.10000000e-009,-1.28203148e-003
,,,3.12500000e-009,-1.27812523e-003
,,,3.15000000e-009,-1.27734398e-003
,,,3.17500000e-009,-1.28046898e-003
,,,3.20000000e-009,-1.28750023e-003
,,,3.22500000e-009,-1.30000023e-003
,,,3.25000000e-009,-1.31406273e-003
,,,3.27500000e-009,-1.32812523e-003
,,,3.30000000e-009,-1.33984398e-003
,,,3.32500000e-009,-1.34765649e-003
,,,3.35000000e-009,-1.34843774e-003
,,,3.37500000e-009,-1.34218773e-003
,,,3.40000000e-009,-1.32578148e-003
,,,3.42500000e-009,-1.30000023e-003
,,,3.45000000e-009,-1.25937523e-003
,,,3.47500000e-009,-1.21093773e-003
,,,3.50000000e-009,-1.15546897e-003
,,,3.52500000e-009,-1.09687522e-003
,,,3.55000000e-009,-1.03906271e-003
,,,3.57500000e-009,-9.84375209e-004
,,,3.60000000e-009,-9.37500206e-004
,,,3.62500000e-009,-9.00000203e-004
,,,3.65000000e-009,-8.70312701e-004
,,,3.67500000e-009,-8.52343950e-004
,,,3.70000000e-009,-8.43750199e-004
,,,3.72500000e-009,-8.45312700e-004
,,,3.75000000e-009,-8.53125200e-004
,,,3.77500000e-009,-8.66406451e-004
,,,3.80000000e-009,-8.82812702e-004
,,,3.82500000e-009,-9.00000203e-004
,,,3.85000000e-009,-9.11718954e-004
,,,3.87500000e-009,-9.20312705e-004
,,,3.90000000e-009,-9.24218955e-004
,,,3.92500000e-009,-9.24218955e-004
,,,3.95000000e-009,-9.21093955e-004
,,,3.97500000e-009,-9.15625205e-004
,,,4.00000000e-009,-9.07812704e-004
,,,4.02500000e-009,-9.00000203e-004
,,,4.05000000e-009,-8.87500203e-004
,,,4.07500000e-009,-8.73437702e-004
,,,4.10000000e-009,-8.55468950e-004
,,,4.12500000e-009,-8.34375199e-004
,,,4.15000000e-009,-8.08593947e-004
,,,4.17500000e-009,-7.78125195e-004
,,,4.20000000e-009,-7.41406442e-004
,,,4.22500000e-009,-7.00000189e-004
,,,4.25000000e-009,-6.51562686e-004
,,,4.27500000e-009,-5.98437682e-004
,,,4.30000000e-009,-5.42968928e-004
,,,4.32500000e-009,-4.86718924e-004
,,,4.35000000e-009,-4.32812670e-004
,,,4.37500000e-009,-3.82031417e-004
,,,4.40000000e-009,-3.37500164e-004
,,,4.42500000e-009,-3.00000161e-004
,,,4.45000000e-009,-2.71093909e-004
,,,4.47500000e-009,-2.47656407e-004
,,,4.50000000e-009,-2.27343906e-004
,,,4.52500000e-009,-2.07812654e-004
,,,4.55000000e-009,-1.85937653e-004
,,,4.57500000e-009,-1.61718901e-004
,,,4.60000000e-009,-1.32812649e-004
,,,4.62500000e-009,-1.00000147e-004
,,,4.65000000e-009,-6.64063944e-005
,,,4.67500000e-009,-2.96876418e-005
,,,4.70000000e-009,7.03111080e-006
,,,4.72500000e-009,4.14061132e-005
,,,4.75000000e-009,7.03123653e-005
,,,4.77500000e-009,9.14061168e-005
,,,4.80000000e-009,1.01562367e-004
,,,4.82500000e-009,9.99998674e-005
,,,4.85000000e-009,8.04686160e-005
,,,4.87500000e-009,5.23436140e-005
,,,4.90000000e-009,1.79686116e-005
,,,4.92500000e-009,-1.79688910e-005
,,,4.95000000e-009,-5.07813933e-005
,,,4.97500000e-009,-7.73438952e-005
,,,5.00000000e-009,-9.45313964e-005
,,,5.02500000e-009,-1.00000147e-004
,,,5.05000000e-009,-9.68751466e-005
,,,5.07500000e-009,-8.12501454e-005
,,,5.10000000e-009,-5.54688936e-005
,,,5.12500000e-009,-2.18751412e-005
,,,5.15000000e-009,1.40623613e-005
,,,5.17500000e-009,4.99998638e-005
,,,5.20000000e-009,7.96873659e-005
,,,5.22500000e-009,9.99998674e-005
,,,5.25000000e-009,1.04687368e-004
,,,5.27500000e-009,9.76561172e-005
,,,5.30000000e-009,7.96873659e-005
,,,5.32500000e-009,5.23436140e-005
,,,5.35000000e-009,1.79686116e-005
,,,5.37500000e-009,-2.03126411e-005
,,,5.40000000e-009,-6.01563940e-005
,,,5.42500000e-009,-1.00000147e-004
,,,5.45000000e-009,-1.35937649e-004
,,,5.47500000e-009,-1.67187652e-004
,,,5.50000000e-009,-1.93750153e-004
,,,5.52500000e-009,-2.16406405e-004
,,,5.55000000e-009,-2.37500157e-004
,,,5.57500000e-009,-2.57031408e-004
,,,5.60000000e-009,-2.77343909e-004
,,,5.62500000e-009,-3.00000161e-004
,,,5.65000000e-009,-3.21875162e-004
,,,5.67500000e-009,-3.46093914e-004
,,,5.70000000e-009,-3.72656416e-004
,,,5.72500000e-009,-4.00000168e-004
,,,5.75000000e-009,-4.28125170e-004
,,,5.77500000e-009,-4.54687672e-004
,,,5.80000000e-009,-4.78906424e-004
,,,5.82500000e-009,-5.00000175e-004
,,,5.85000000e-009,-5.10156426e-004
,,,5.87500000e-009,-5.17187676e-004
,,,5.90000000e-009,-5.19531426e-004
,,,5.92500000e-009,-5.18750176e-004
,,,5.95000000e-009,-5.15625176e-004
,,,5.97500000e-009,-5.11718926e-004
,,,6.00000000e-009,-5.06250176e-004
,,,6.02500000e-009,-5.00000175e-004
,,,6.05000000e-009,-4.87500174e-004
,,,6.07500000e-009,-4.73437673e-004
,,,6.10000000e-009,-4.56250172e-004
,,,6.12500000e-009,-4.35937671e-004
,,,6.15000000e-009,-4.10937669e-004
,,,6.17500000e-009,-3.80468917e-004
,,,6.20000000e-009,-3.42968914e-004
,,,6.22500000e-009,-3.00000161e-004
,,,6.25000000e-009,-2.46093907e-004
,,,6.27500000e-009,-1.89062653e-004
,,,6.30000000e-009,-1.30468899e-004
,,,6.32500000e-009,-7.34376449e-005
,,,6.35000000e-009,-1.95313911e-005
,,,6.37500000e-009,2.89061123e-005
,,,6.40000000e-009,6.95311152e-005
,,,6.42500000e-009,9.99998674e-005
,,,6.45000000e-009,1.21093619e-004
,,,6.47500000e-009,1.32031120e-004
,,,6.50000000e-009,1.35156120e-004
,,,6.52500000e-009,1.32031120e-004
,,,6.55000000e-009,1.24999869e-004
,,,6.57500000e-009,1.15624868e-004
,,,6.60000000e-009,1.07031118e-004
,,,6.62500000e-009,9.99998674e-005
,,,6.65000000e-009,9.45311170e-005
,,,6.67500000e-009,9.29686169e-005
,,,6.70000000e-009,9.37498669e-005
,,,6.72500000e-009,9.68748672e-005
,,,6.75000000e-009,9.99998674e-005
,,,6.77500000e-009,1.02343618e-004
,,,6.80000000e-009,1.03124868e-004
,,,6.82500000e-009,9.99998674e-005
,,,6.85000000e-009,9.21873668e-005
,,,6.87500000e-009,8.20311161e-005
,,,6.90000000e-009,7.26561154e-005
,,,6.92500000e-009,6.64061150e-005
,,,6.95000000e-009,6.40623648e-005
,,,6.97500000e-009,6.87498652e-005
,,,7.00000000e-009,8.04686160e-005
,,,7.02500000e-009,9.99998674e-005
,,,7.05000000e-009,1.24218619e-004
,,,7.07500000e-009,1.53906121e-004
,,,7.10000000e-009,1.87499874e-004
,,,7.12500000e-009,2.21874876e-004
,,,7.15000000e-009,2.53124878e-004
,,,7.17500000e-009,2.78124880e-004
,,,7.20000000e-009,2.94531131e-004
,,,7.22500000e-009,2.99999882e-004
,,,7.25000000e-009,2.90624881e-004
,,,7.27500000e-009,2.71093629e-004
,,,7.30000000e-009,2.43749878e-004
,,,7.32500000e-009,2.12499875e-004
,,,7.35000000e-009,1.78906123e-004
,,,7.37500000e-009,1.47656121e-004
,,,7.40000000e-009,1.20312369e-004
,,,7.42500000e-009,9.99998674e-005
,,,7.45000000e-009,8.82811166e-005
,,,7.47500000e-009,8.35936162e-005
,,,7.50000000e-009,8.59373664e-005
,,,7.52500000e-009,9.14061168e-005
,,,7.55000000e-009,9.92186173e-005
,,,7.57500000e-009,1.04687368e-004
,,,7.60000000e-009,1.05468618e-004
,,,7.62500000e-009,9.99998674e-005
,,,7.65000000e-009,8.59373664e-005
,,,7.67500000e-009,6.40623648e-005
,,,7.70000000e-009,3.67186129e-005
,,,7.72500000e-009,5.46861069e-006
,,,7.75000000e-009,-2.57813915e-005
,,,7.77500000e-009,-5.54688936e-005
,,,7.80000000e-009,-8.12501454e-005
,,,7.82500000e-009,-1.00000147e-004
,,,7.85000000e-009,-1.09375147e-004
,,,7.87500000e-009,-1.11718898e-004
,,,7.90000000e-009,-1.09375147e-004
,,,7.92500000e-009,-1.03906397e-004
,,,7.95000000e-009,-9.76563966e-005
,,,7.97500000e-009,-9.45313964e-005
,,,8.00000000e-009,-9.45313964e-005
,,,8.02500000e-009,-1.00000147e-004
,,,8.05000000e-009,-1.07812647e-004
,,,8.07500000e-009,-1.18750148e-004
,,,8.10000000e-009,-1.31250149e-004
,,,8.12500000e-009,-1.40625150e-004
,,,8.15000000e-009,-1.44531400e-004
,,,8.17500000e-009,-1.39843900e-004
,,,8.20000000e-009,-1.25000149e-004
,,,8.22500000e-009,-1.00000147e-004
,,,8.25000000e-009,-6.17188941e-005
,,,8.27500000e-009,-1.79688910e-005
,,,8.30000000e-009,2.65623622e-005
,,,8.32500000e-009,6.79686151e-005
,,,8.35000000e-009,9.99998674e-005
,,,8.37500000e-009,1.17968619e-004
,,,8.40000000e-009,1.18749869e-004
,,,8.42500000e-009,9.99998674e-005
,,,8.45000000e-009,6.40623648e-005
,,,8.47500000e-009,1.24998612e-005
,,,8.50000000e-009,-5.00001432e-005
,,,8.52500000e-009,-1.16406398e-004
,,,8.55000000e-009,-1.81250153e-004
,,,8.57500000e-009,-2.36718906e-004
,,,8.60000000e-009,-2.78125159e-004
,,,8.62500000e-009,-3.00000161e-004
,,,8.65000000e-009,-2.94531411e-004
,,,8.67500000e-009,-2.68750159e-004
,,,8.70000000e-009,-2.23437656e-004
,,,8.72500000e-009,-1.63281401e-004
,,,8.75000000e-009,-9.53126464e-005
,,,8.77500000e-009,-2.50001415e-005
,,,8.80000000e-009,4.21873633e-005
,,,8.82500000e-009,9.99998674e-005
,,,8.85000000e-009,1.44531121e-004
,,,8.87500000e-009,1.73437373e-004
,,,8.90000000e-009,1.85937373e-004
,,,8.92500000e-009,1.85156123e-004
,,,8.95000000e-009,1.72656123e-004
,,,8.97500000e-009,1.51562371e-004
,,,9.00000000e-009,1.26562369e-004
,,,9.02500000e-009,9.99998674e-005
,,,9.05000000e-009,7.65623657e-005
,,,9.07500000e-009,5.85936144e-005
,,,9.10000000e-009,4.76561137e-005
,,,9.12500000e-009,4.45311135e-005
,,,9.15000000e-009,4.92186138e-005
,,,9.17500000e-009,6.09373646e-005
,,,9.20000000e-009,7.89061159e-005
,,,9.22500000e-009,9.99998674e-005
,,,9.25000000e-009,1.24218619e-004
,,,9.27500000e-009,1.49999871e-004
,,,9.30000000e-009,1.76562373e-004
,,,9.32500000e-009,2.03906125e-004
,,,9.35000000e-009,2.29687377e-004
,,,9.37500000e-009,2.55468628e-004
,,,9.40000000e-009,2.78906130e-004
,,,9.42500000e-009,2.99999882e-004
,,,9.45000000e-009,3.17187383e-004
,,,9.47500000e-009,3.29687384e-004
,,,9.50000000e-009,3.38281134e-004
,,,9.52500000e-009,3.41406134e-004
,,,9.55000000e-009,3.39062384e-004
,,,9.57500000e-009,3.32031134e-004
,,,9.60000000e-009,3.18749883e-004
,,,9.62500000e-009,2.99999882e-004
,,,9.65000000e-009,2.74218630e-004
,,,9.67500000e-009,2.46093628e-004
,,,9.70000000e-009,2.17187376e-004
,,,9.72500000e-009,1.88281124e-004
,,,9.75000000e-009,1.60937372e-004
,,,9.77500000e-009,1.36718620e-004
,,,9.80000000e-009,1.16406119e-004
,,,9.82500000e-009,9.99998674e-005
,,,9.85000000e-009,8.67186164e-005
,,,9.87500000e-009,7.81248658e-005
,,,9.90000000e-009,7.42186156e-005
,,,9.92500000e-009,7.42186156e-005
,,,9.95000000e-009,7.73436158e-005
,,,9.97500000e-009,8.35936162e-005
,,,1.00000000e-008,9.14061168e-005
,,,1.00250000e-008,9.99998674e-005
,,,1.00500000e-008,1.09374868e-004
,,,1.00750000e-008,1.16406119e-004
,,,1.01000000e-008,1.21874869e-004
,,,1.01250000e-008,1.24218619e-004
,,,1.01500000e-008,1.23437369e-004
,,,1.01750000e-008,1.18749869e-004
,,,1.02000000e-008,1.10937368e-004
,,,1.02250000e-008,9.99998674e-005
,,,1.02500000e-008,8.90623666e-005
,,,1.02750000e-008,7.73436158e-005
,,,1.03000000e-008,6.87498652e-005
,,,1.03250000e-008,6.32811148e-005
,,,1.03500000e-008,6.40623648e-005
,,,1.03750000e-008,7.03123653e-005
,,,1.04000000e-008,8.28123662e-005
,,,1.04250000e-008,9.99998674e-005
,,,1.04500000e-008,1.23437369e-004
,,,1.04750000e-008,1.46874871e-004
,,,1.05000000e-008,1.66406122e-004
,,,1.05250000e-008,1.78906123e-004
,,,1.05500000e-008,1.81249873e-004
,,,1.05750000e-008,1.69531122e-004
,,,1.06000000e-008,1.42968620e-004
,,,1.06250000e-008,9.99998674e-005
,,,1.06500000e-008,4.76561137e-005
,,,1.06750000e-008,-1.48438907e-005
,,,1.07000000e-008,-8.20313955e-005
,,,1.07250000e-008,-1.48437650e-004
,,,1.07500000e-008,-2.07812654e-004
,,,1.07750000e-008,-2.56250158e-004
,,,1.08000000e-008,-2.87500160e-004
,,,1.08250000e-008,-3.00000161e-004
,,,1.08500000e-008,-2.85937660e-004
,,,1.08750000e-008,-2.53125158e-004
,,,1.09000000e-008,-2.03906404e-004
,,,1.09250000e-008,-1.42968900e-004
,,,1.09500000e-008,-7.65626451e-005
,,,1.09750000e-008,-1.01563904e-005
,,,1.10000000e-008,4.99998638e-005
,,,1.10250000e-008,9.99998674e-005
,,,1.10500000e-008,1.39062370e-004
,,,1.10750000e-008,1.62499872e-004
,,,1.11000000e-008,1.71093622e-004
,,,1.11250000e-008,1.67968622e-004
,,,1.11500000e-008,1.55468621e-004
,,,1.11750000e-008,1.36718620e-004
,,,1.12000000e-008,1.17187369e-004
,,,1.12250000e-008,9.99998674e-005
,,,1.12500000e-008,8.98436167e-005
,,,1.12750000e-008,8.90623666e-005
,,,1.13000000e-008,9.92186173e-005
,,,1.13250000e-008,1.21093619e-004
,,,1.13500000e-008,1.53906121e-004
,,,1.13750000e-008,1.96093624e-004
,,,1.14000000e-008,2.46093628e-004
,,,1.14250000e-008,2.99999882e-004
,,,1.14500000e-008,3.53124885e-004
,,,1.14750000e-008,4.02343639e-004
,,,1.15000000e-008,4.46093642e-004
,,,1.15250000e-008,4.80468644e-004
,,,1.15500000e-008,5.03906146e-004
,,,1.15750000e-008,5.15624897e-004
,,,1.16000000e-008,5.14062397e-004
,,,1.16250000e-008,4.99999896e-004
,,,1.16500000e-008,4.70312394e-004
,,,1.16750000e-008,4.32812391e-004
,,,1.17000000e-008,3.92968638e-004
,,,1.17250000e-008,3.54687385e-004
,,,1.17500000e-008,3.23437383e-004
,,,1.17750000e-008,3.02343632e-004
,,,1.18000000e-008,2.93749881e-004
,,,1.18250000e-008,2.99999882e-004
,,,1.18500000e-008,3.15624883e-004
,,,1.18750000e-008,3.42968635e-004
,,,1.19000000e-008,3.78124887e-004
,,,1.19250000e-008,4.16406140e-004
,,,1.19500000e-008,4.53124892e-004
,,,1.19750000e-008,4.82031144e-004
,,,1.20000000e-008,4.98437396e-004
,,,1.20250000e-008,4.99999896e-004
,,,1.20500000e-008,4.80468644e-004
,,,1.20750000e-008,4.44531142e-004
,,,1.21000000e-008,3.95312388e-004
,,,1.21250000e-008,3.35937384e-004
,,,1.21500000e-008,2.72656130e-004
,,,1.21750000e-008,2.09374875e-004
,,,1.22000000e-008,1.50781121e-004
,,,1.22250000e-008,9.99998674e-005
,,,1.22500000e-008,5.78123644e-005
,,,1.22750000e-008,2.57811121e-005
,,,1.23000000e-008,2.34361047e-006
,,,1.23250000e-008,-1.48438907e-005
,,,1.23500000e-008,-3.04688919e-005
,,,1.23750000e-008,-4.76563931e-005
,,,1.24000000e-008,-6.95313946e-005
,,,1.24250000e-008,-1.00000147e-004
,,,1.24500000e-008,-1.37500149e-004
,,,1.24750000e-008,-1.83593903e-004
,,,1.25000000e-008,-2.37500157e-004
,,,1.25250000e-008,-2.96093911e-004
,,,1.25500000e-008,-3.55468915e-004
,,,1.25750000e-008,-4.11718919e-004
,,,1.26000000e-008,-4.60937672e-004
,,,1.26250000e-008,-5.00000175e-004
,,,1.26500000e-008,-5.17968926e-004
,,,1.26750000e-008,-5.21875177e-004
,,,1.27000000e-008,-5.11718926e-004
,,,1.27250000e-008,-4.87500174e-004
,,,1.27500000e-008,-4.51562672e-004
,,,1.27750000e-008,-4.06250168e-004
,,,1.28000000e-008,-3.54687665e-004
,,,1.28250000e-008,-3.00000161e-004
,,,1.28500000e-008,-2.43750157e-004
,,,1.28750000e-008,-1.92187653e-004
,,,1.29000000e-008,-1.49218900e-004
,,,1.29250000e-008,-1.16406398e-004
,,,1.29500000e-008,-9.53126464e-005
,,,1.29750000e-008,-8.51563957e-005
,,,1.30000000e-008,-8.67188958e-005
,,,1.30250000e-008,-1.00000147e-004
,,,1.30500000e-008,-1.19531398e-004
,,,1.30750000e-008,-1.46875150e-004
,,,1.31000000e-008,-1.78906402e-004
,,,1.31250000e-008,-2.12500155e-004
,,,1.31500000e-008,-2.43750157e-004
,,,1.31750000e-008,-2.70312659e-004
,,,1.32000000e-008,-2.89843910e-004
,,,1.32250000e-008,-3.00000161e-004
,,,1.32500000e-008,-2.97656411e-004
,,,1.32750000e-008,-2.85156410e-004
,,,1.33000000e-008,-2.64843908e-004
,,,1.33250000e-008,-2.36718906e-004
,,,1.33500000e-008,-2.03125154e-004
,,,1.33750000e-008,-1.67968902e-004
,,,1.34000000e-008,-1.32812649e-004
,,,1.34250000e-008,-1.00000147e-004
,,,1.34500000e-008,-7.26563948e-005
,,,1.34750000e-008,-5.31251435e-005
,,,1.35000000e-008,-4.21876427e-005
,,,1.35250000e-008,-3.90626425e-005
,,,1.35500000e-008,-4.45313929e-005
,,,1.35750000e-008,-5.70313937e-005
,,,1.36000000e-008,-7.57813951e-005
,,,1.36250000e-008,-1.00000147e-004
,,,1.36500000e-008,-1.30468899e-004
,,,1.36750000e-008,-1.62500151e-004
,,,1.37000000e-008,-1.93750153e-004
,,,1.37250000e-008,-2.22656405e-004
,,,1.37500000e-008,-2.48437657e-004
,,,1.37750000e-008,-2.70312659e-004
,,,1.38000000e-008,-2.87500160e-004
,,,1.38250000e-008,-3.00000161e-004
,,,1.38500000e-008,-3.07812661e-004
,,,1.38750000e-008,-3.12500162e-004
,,,1.39000000e-008,-3.13281412e-004
,,,1.39250000e-008,-3.11718912e-004
,,,1.39500000e-008,-3.08593912e-004
,,,1.39750000e-008,-3.05468911e-004
,,,1.40000000e-008,-3.01562661e-004
,,,1.40250000e-008,-3.00000161e-004
,,,1.40500000e-008,-2.98437661e-004
,,,1.40750000e-008,-2.99218911e-004
,,,1.41000000e-008,-3.00781411e-004
,,,1.41250000e-008,-3.03125161e-004
,,,1.41500000e-008,-3.04687661e-004
,,,1.41750000e-008,-3.04687661e-004
,,,1.42000000e-008,-3.03125161e-004
,,,1.42250000e-008,-3.00000161e-004
,,,1.42500000e-008,-2.94531411e-004
,,,1.42750000e-008,-2.87500160e-004
,,,1.43000000e-008,-2.81250160e-004
,,,1.43250000e-008,-2.76562659e-004
,,,1.43500000e-008,-2.75000159e-004
,,,1.43750000e-008,-2.77343909e-004
,,,1.44000000e-008,-2.85156410e-004
,,,1.44250000e-008,-3.00000161e-004
,,,1.44500000e-008,-3.19531412e-004
,,,1.44750000e-008,-3.44531414e-004
,,,1.45000000e-008,-3.73437666e-004
,,,1.45250000e-008,-4.03906418e-004
,,,1.45500000e-008,-4.33593920e-004
,,,1.45750000e-008,-4.60156422e-004
,,,1.46000000e-008,-4.82812674e-004
,,,1.46250000e-008,-5.00000175e-004
,,,1.46500000e-008,-5.07812676e-004
,,,1.46750000e-008,-5.10156426e-004
,,,1.47000000e-008,-5.07812676e-004
,,,1.47250000e-008,-5.03906425e-004
,,,1.47500000e-008,-4.99218925e-004
,,,1.47750000e-008,-4.96093925e-004
,,,1.48000000e-008,-4.96093925e-004
,,,1.48250000e-008,-5.00000175e-004
,,,1.48500000e-008,-5.04687675e-004
,,,1.48750000e-008,-5.12500176e-004
,,,1.49000000e-008,-5.21093927e-004
,,,1.49250000e-008,-5.27343927e-004
,,,1.49500000e-008,-5.31250177e-004
,,,1.49750000e-008,-5.28125177e-004
,,,1.50000000e-008,-5.17968926e-004
,,,1.50250000e-008,-5.00000175e-004
,,,1.50500000e-008,-4.71875173e-004
,,,1.50750000e-008,-4.39062671e-004
,,,1.51000000e-008,-4.03125168e-004
,,,1.51250000e-008,-3.67968916e-004
,,,1.51500000e-008,-3.36718914e-004
,,,1.51750000e-008,-3.14062662e-004
,,,1.52000000e-008,-3.00781411e-004
,,,1.52250000e-008,-3.00000161e-004
,,,1.52500000e-008,-3.11718912e-004
,,,1.52750000e-008,-3.34375163e-004
,,,1.53000000e-008,-3.64843916e-004
,,,1.53250000e-008,-4.00000168e-004
,,,1.53500000e-008,-4.34375170e-004
,,,1.53750000e-008,-4.64843923e-004
,,,1.54000000e-008,-4.87500174e-004
,,,1.54250000e-008,-5.00000175e-004
,,,1.54500000e-008,-4.98437675e-004
,,,1.54750000e-008,-4.85156424e-004
,,,1.55000000e-008,-4.62500172e-004
,,,1.55250000e-008,-4.31250170e-004
,,,1.55500000e-008,-3.96093918e-004
,,,1.55750000e-008,-3.60156415e-004
,,,1.56000000e-008,-3.27343913e-004
,,,1.56250000e-008,-3.00000161e-004
,,,1.56500000e-008,-2.81250160e-004
,,,1.56750000e-008,-2.71093909e-004
,,,1.57000000e-008,-2.67968909e-004
,,,1.57250000e-008,-2.71875159e-004
,,,1.57500000e-008,-2.78125159e-004
,,,1.57750000e-008,-2.86718910e-004
,,,1.58000000e-008,-2.94531411e-004
,,,1.58250000e-008,-3.00000161e-004
,,,1.58500000e-008,-3.02343911e-004
,,,1.58750000e-008,-3.00781411e-004
,,,1.59000000e-008,-2.96875161e-004
,,,1.59250000e-008,-2.92187660e-004
,,,1.59500000e-008,-2.87500160e-004
,,,1.59750000e-008,-2.86718910e-004
,,,1.60000000e-008,-2.89843910e-004
,,,1.60250000e-008,-3.00000161e-004
,,,1.60500000e-008,-3.16406412e-004
,,,1.60750000e-008,-3.39062664e-004
,,,1.61000000e-008,-3.66406416e-004
,,,1.61250000e-008,-3.96093918e-004
,,,1.61500000e-008,-4.26562670e-004
,,,1.61750000e-008,-4.54687672e-004
,,,1.62000000e-008,-4.79687674e-004
,,,1.62250000e-008,-5.00000175e-004
,,,1.62500000e-008,-5.09375176e-004
,,,1.62750000e-008,-5.13281426e-004
,,,1.63000000e-008,-5.12500176e-004
,,,1.63250000e-008,-5.07812676e-004
,,,1.63500000e-008,-5.03125175e-004
,,,1.63750000e-008,-4.98437675e-004
,,,1.64000000e-008,-4.97656425e-004
,,,1.64250000e-008,-5.00000175e-004
,,,1.64500000e-008,-5.03125175e-004
,,,1.64750000e-008,-5.10156426e-004
,,,1.65000000e-008,-5.17187676e-004
,,,1.65250000e-008,-5.23437677e-004
,,,1.65500000e-008,-5.26562677e-004
,,,1.65750000e-008,-5.24218927e-004
,,,1.66000000e-008,-5.15625176e-004
,,,1.66250000e-008,-5.00000175e-004
,,,1.66500000e-008,-4.72656423e-004
,,,1.66750000e-008,-4.40625171e-004
,,,1.67000000e-008,-4.06250168e-004
,,,1.67250000e-008,-3.71875166e-004
,,,1.67500000e-008,-3.42187664e-004
,,,1.67750000e-008,-3.18750162e-004
,,,1.68000000e-008,-3.03906411e-004
,,,1.68250000e-008,-3.00000161e-004
,,,1.68500000e-008,-3.02343911e-004
,,,1.68750000e-008,-3.11718912e-004
,,,1.69000000e-008,-3.24218913e-004
,,,1.69250000e-008,-3.36718914e-004
,,,1.69500000e-008,-3.43750164e-004
,,,1.69750000e-008,-3.41406414e-004
,,,1.70000000e-008,-3.27343913e-004
,,,1.70250000e-008,-3.00000161e-004
,,,1.70500000e-008,-2.56250158e-004
,,,1.70750000e-008,-2.01562654e-004
,,,1.71000000e-008,-1.39843900e-004
,,,1.71250000e-008,-7.57813951e-005
,,,1.71500000e-008,-1.48438907e-005
,,,1.71750000e-008,3.82811130e-005
,,,1.72000000e-008,7.73436158e-005
,,,1.72250000e-008,9.99998674e-005
,,,1.72500000e-008,1.03906118e-004
